provider,record_index,name,domain_or_website,canonical_fields_present,canonical_fields_possible,canonical_depth_pct,raw_non_empty_leaf_fields,keyword_count,technology_count,social_profile_count,location_contact_field_count,funding_round_count,org_relation_count,multi_location_count,description_chars
PDL,1,a*m w*b ho***ng,ag*********ng.com,16,27,59.26,36,6,0,4,1,0,0,0,100
PDL,2,l***y,l***y.com,7,27,25.93,15,0,0,2,1,0,0,0,0
PDL,3,k* bl**ds,kd****ds.com,9,27,33.33,22,0,0,2,1,0,0,0,100
PDL,4,de**xe di********on,d***f.com,15,27,55.56,34,1,0,4,1,0,0,0,100
PDL,5,am****an fr***ht fu*****re & ma****ss,am***********ht.com,15,27,55.56,31,10,0,4,1,0,2,0,100
PDL,6,b*q b**s,bb******ys.com,10,27,37.04,28,0,0,2,1,0,0,0,97
PDL,7,d**p,ed********al.com,10,27,37.04,25,0,0,2,0,0,0,0,0
PDL,8,ge*****ds.c*m r**e s**p,ge*****ds.com,11,27,40.74,33,0,0,2,1,0,0,0,0
PDL,9,fa*****ch st***os,fa*****ch.com,14,27,51.85,32,0,0,3,1,0,0,0,100
PDL,10,gr********ak,gf****ak.com,11,27,40.74,18,7,0,2,0,0,0,0,100
PDL,11,c*m de*******nt,ca**********nt.com,12,27,44.44,29,0,0,3,1,0,0,0,100
PDL,12,上海********公司,ct**sk.com,8,27,29.63,17,0,0,2,1,0,0,0,0
PDL,13,"c***r l**e a**a ch***er o* co****ce - c***r l**e, i**a",cl*********wa.com,13,27,48.15,37,4,0,2,1,0,0,0,100
PDL,14,l*l co********on l*c,lj****st.com,7,27,25.93,19,0,0,2,1,0,0,0,0
PDL,15,fy*****ks l*d,f**e.works,15,27,55.56,35,8,0,3,1,0,0,0,100
PDL,16,d**a b**r,da****ar.com,15,27,55.56,35,10,0,3,1,0,0,0,100
PDL,17,eu****ne,fe************ne.com,11,27,40.74,25,4,0,2,1,0,0,0,100
PDL,18,c***s-wa*****al ch***er o* co****ce,cw*****er.com,13,27,48.15,36,0,0,3,1,0,0,0,100
PDL,19,co***ge o* ma***ge th******ts o* on***io,c**o.com,14,27,51.85,33,10,0,3,1,0,0,0,100
PDL,20,k***o,k***o.com,16,27,59.26,40,10,0,2,1,4,2,0,100
PDL,21,f* w**k,fx**ek.com,13,27,48.15,30,0,0,3,1,0,0,0,100
PDL,22,ca**kr,ca**kr.com,11,27,40.74,27,10,0,2,1,0,0,0,100
PDL,23,gl**al co****ic in****ry,gc*******ne.com,14,27,51.85,33,7,0,4,1,0,0,0,100
PDL,24,f**d h**p n*,fi******ni.com,10,27,37.04,25,0,0,2,1,0,0,0,100
PDL,25,e*t co*******on,tr**********nc.com,17,27,62.96,47,10,0,4,1,1,0,0,100
PDL,26,"em****as r***o st****ns, i*c",k**e.com,12,27,44.44,766,0,0,2,1,0,0,0,0
PDL,27,b* co*****cs,bh*******cs.com,17,27,62.96,37,10,0,4,1,0,1,0,100
PDL,28,cr**it u***n o* de**er,cu****er.com,15,27,55.56,37,7,0,3,1,0,0,0,100
PDL,29,ba**rs & ro****rs,ba*************rs.com,13,27,48.15,36,5,0,2,1,0,0,0,100
PDL,30,j**o dy****cs,j**o.com,19,27,70.37,1040,10,0,4,1,0,12,0,100
PDL,31,jo***ey ma****ne,jm******ne.com,10,27,37.04,718,0,0,2,0,0,0,0,83
PDL,32,iz*******zo b***o,iz*******zo.com,15,27,55.56,716,3,0,2,1,0,0,0,100
PDL,33,n*w y**k l**e,gs***ic.com,11,27,40.74,36,0,0,2,1,0,0,0,100
PDL,34,co******al b**k o* ca******ia,c***l.com,16,27,59.26,39,10,0,3,1,0,1,0,100
PDL,35,pr**ad we**th,jk*************up.com,14,27,51.85,796,0,0,3,1,0,0,0,100
PDL,36,i*s,i*s.com,14,27,51.85,843,10,0,2,1,0,0,0,100
PDL,37,gy****rk,gy****rk.com,17,27,62.96,39,9,0,4,1,1,0,0,100
PDL,38,aq*****om,a*l.com,15,27,55.56,35,5,0,3,1,0,0,0,100
PDL,39,am****an na****al b**k o* t***s,a***x.com,17,27,62.96,45,10,0,4,1,1,0,0,100
PDL,40,dm**ge,dm**ge.com,15,27,55.56,37,10,0,3,1,0,0,0,100
PDL,41,b***l,b***l.com,17,27,62.96,37,10,0,4,1,0,1,0,100
PDL,42,de******ep,de******ep.com,9,27,33.33,22,0,0,2,1,0,0,0,0
PDL,43,le**cy g*s tr***it,gp******it.com,18,27,66.67,42,8,0,4,1,1,5,0,98
PDL,44,b*i tr*****nt ce***rs,bn********nt.com,10,27,37.04,26,10,0,2,1,0,0,0,100
PDL,45,a**i o* am***ca,au***sa.com,15,27,55.56,30,10,0,4,1,0,1,0,100
PDL,46,h**i m***a,hp*****ia.com,15,27,55.56,866,10,0,2,1,0,0,0,100
PDL,47,il***al p**e'*,il********es.com,18,27,66.67,855,10,0,4,1,0,0,0,100
PDL,48,"e* p***o l**o, i*c.",el*******co.com,17,27,62.96,44,5,0,4,1,1,0,0,100
PDL,49,i*g ca***al,id******al.com,15,27,55.56,918,10,0,3,1,0,0,0,100
PDL,50,*.*. pe**er,jw****er.com,19,27,70.37,877,1,0,4,1,0,4,0,100
PDL,51,ds*****ng,ds*****ng.com,12,27,44.44,25,5,0,3,1,0,0,0,100
PDL,52,fo******on fi*****al g***p,f*g.com,14,27,51.85,32,6,0,2,1,0,0,0,100
PDL,53,h* g***p - ib****em,ib****em.com,11,27,40.74,18,5,0,2,0,0,0,0,100
PDL,54,be*****ur in*******ve,b**r.com,16,27,59.26,34,10,0,4,1,1,5,0,100
PDL,55,iw*******me.com,iw*******me.com,16,27,59.26,673,4,0,2,1,0,0,0,100
PDL,56,bu**********ge,bu**********ge.com,9,27,33.33,27,0,0,2,1,0,0,0,0
PDL,57,bs**on,bs**on.com,10,27,37.04,26,10,0,2,1,0,0,0,100
PDL,58,gl**al co******on i***x tr***ng l*c - a*u d***i br**ch,gc***ae.com,8,27,29.63,20,0,0,2,1,0,0,0,0
PDL,59,ey******ss n**s ba***as,ew**ws.com,10,27,37.04,24,0,0,3,1,0,0,0,0
PDL,60,a**a,a**a.com,15,27,55.56,38,5,0,3,1,0,0,0,100
PDL,61,do*****er ho********ip,do*****************ip.com,16,27,59.26,34,4,0,4,1,0,0,0,100
PDL,62,aq**nt,aq**nt.com,18,27,66.67,44,10,0,4,1,1,5,0,100
PDL,63,c*b ap***ed te********es,cj******************es.com,11,27,40.74,27,10,0,2,1,0,0,0,100
PDL,64,a***a g***d p**x o* l**g b***h,g**b.com,14,27,51.85,36,0,0,3,1,0,0,0,100
PDL,65,j**b s*i a***s i*c.,j**b.com,14,27,51.85,796,0,0,3,1,0,0,0,100
PDL,66,fa**us to****ry,fa**********ry.com,14,27,51.85,37,5,0,2,1,0,0,0,100
PDL,67,ja********le tr**********on au*****ty,jt**la.com,18,27,66.67,862,7,0,4,1,0,0,0,100
PDL,68,fu****ne mu***al pr****ts,fu****ne.com,13,27,48.15,34,0,0,3,1,0,0,0,100
PDL,69,b**e kn***le fi****ng ch********ip,b**c.com,13,27,48.15,30,0,0,3,1,2,1,0,68
PDL,70,ce**re f*r ma******nt te******gy,cm*****ts.com,16,27,59.26,38,10,0,4,1,0,0,0,100
PDL,71,di********ty li***ed,di********ty.com,8,27,29.63,15,0,0,3,0,0,0,0,0
PDL,72,ce***ol (p*t) l*d,ce***ol.com,14,27,51.85,33,0,0,3,1,0,0,0,100
PDL,73,ky**ra in*********al,ky***************al.com,13,27,48.15,32,0,0,2,1,2,7,0,100
PDL,74,a***s pr*********ls,at**************ls.com,14,27,51.85,30,9,0,3,1,0,4,0,100
PDL,75,of****al ak**ne ga***ry,ak**ne.com,7,27,25.93,18,0,0,2,1,0,0,0,0
PDL,76,lu*****ub,lu*****ub.com,18,27,66.67,565,6,0,4,0,2,0,0,100
PDL,77,en*****ax p*y l*d,en*****ax.com,15,27,55.56,31,5,0,4,1,0,0,0,100
PDL,78,a**y,a**y.com,16,27,59.26,35,8,0,3,1,0,1,0,100
PDL,79,ec*****em ma*******ce,ec****************ce.com,16,27,59.26,32,10,0,4,1,0,0,0,100
PDL,80,k**i en*********nt,k**i.com,15,27,55.56,25,10,0,4,1,0,1,0,100
PDL,81,k*s a*,k*s.com,18,27,66.67,963,10,0,3,1,0,16,0,100
PDL,82,f**y sc******ic,f**u.com,9,27,33.33,25,0,0,2,0,0,0,0,0
PDL,83,ge***al c***e s***t-ma***ce p***t,,6,27,22.22,19,0,0,2,1,0,0,0,0
PDL,84,hv*****ik h*t sp***gs & na**re re**rt,hv*****ik.com,13,27,48.15,373,9,0,2,1,0,0,0,100
PDL,85,a*r,a*r.com,17,27,62.96,44,9,0,4,1,2,0,0,100
PDL,86,北京**********公司,,7,27,25.93,20,0,0,2,1,0,0,0,0
PDL,87,深***北,h***c.com,9,27,33.33,485,0,0,2,1,0,0,0,0
PDL,88,la**********ls,la**********ls.com,7,27,25.93,18,0,0,2,1,0,0,0,0
PDL,89,ji****ft,j**o.com,9,27,33.33,17,0,0,3,1,0,0,0,0
PDL,90,st**io gh**li co******on,gh************on.com,7,27,25.93,14,0,0,2,1,0,0,0,0
PDL,91,ki***en & b**h au*****ty,kb*******ty.com,15,27,55.56,778,0,0,3,1,0,0,0,100
PDL,92,广州***********公司,f*w.com,12,27,44.44,25,6,0,2,1,0,0,0,100
PDL,93,i***a re****ch,id*********ch.com,14,27,51.85,861,10,0,3,1,0,0,0,100
PDL,94,in*********al co**********ce c***s fe******on,i**f.com,14,27,51.85,28,1,0,3,1,0,0,0,100
PDL,95,i**o u*,ie*****up.com,17,27,62.96,907,10,0,4,1,4,0,0,100
PDL,96,ku**ta en**ne am***ca,ku********ne.com,17,27,62.96,860,6,0,3,1,0,0,0,100
PDL,97,d*n t*i f**g n***h am***ca,di*********sa.com,12,27,44.44,30,0,0,3,1,0,0,0,100
PDL,98,in*********al wo*******ng f**r l*c,iw******ta.com,14,27,51.85,38,0,0,4,1,0,0,0,100
PDL,99,l*d ed*****al,li********al.com,18,27,66.67,896,10,0,4,1,0,0,0,100
PDL,100,m*i mo**le re**rt,mm***********rt.com,9,27,33.33,15,0,0,2,0,0,0,0,35
PDL,101,fv***nk,fv***nk.com,13,27,48.15,40,5,0,2,1,0,0,0,100
PDL,102,*'g**a c***h,og******ch.com,17,27,62.96,879,3,0,3,1,0,0,0,100
PDL,103,ne**da s***e de******ic p***y,nv**ms.com,16,27,59.26,862,0,0,4,1,0,0,0,100
PDL,104,t*e no*****st se***rt al****ce,nw*************ce.com,16,27,59.26,34,7,0,4,1,0,0,0,100
PDL,105,si**ar,mm****ia.com,7,27,25.93,13,0,0,2,0,0,0,0,0
PDL,106,m***i-he**th sy***ms i*c. (m*s),m*s.com,18,27,66.67,943,10,0,3,1,0,8,0,100
PDL,107,o* le**en,oh****en.com,15,27,55.56,905,10,0,3,1,0,0,0,100
PDL,108,my*******it h* so****re,my*******it.com,19,27,70.37,830,10,0,4,1,0,3,0,100
PDL,109,j**s,ok********es.com,7,27,25.93,14,0,0,2,0,0,0,0,0
PDL,110,k**v,lv***********rk.com,8,27,29.63,21,0,0,2,1,0,0,0,0
PDL,111,n*w y**k vi*****me cr***cs ci**le,ny*********cs.com,13,27,48.15,695,6,0,2,1,0,0,0,100
PDL,112,"m* an******ia, i*c",mz***ls.com,11,27,40.74,634,0,0,2,0,0,0,0,0
PDL,113,n*x,n*x.com,15,27,55.56,39,0,0,4,1,2,0,0,100
PDL,114,n*d,n*d.com,15,27,55.56,968,6,0,3,1,0,4,0,100
PDL,115,na****al re****ch g***p,n***r.com,12,27,44.44,30,10,0,2,1,0,1,0,100
PDL,116,f**e *-m**l,o***o.com,15,27,55.56,852,1,0,3,1,0,0,0,11
PDL,117,ne***rk in*******ns,ne******nv.com,17,27,62.96,935,10,0,4,1,0,4,0,100
PDL,118,oe**tc,oe**tc.com,7,27,25.93,18,0,0,2,1,0,0,0,0
PDL,119,m**e h**h c**b,mi********ub.com,10,27,37.04,807,0,0,2,1,0,0,0,0
PDL,120,so****ce so****on,so************on.com,11,27,40.74,25,10,0,2,1,0,0,0,100
PDL,121,mx****ia,mx****ia.com,18,27,66.67,795,4,0,4,1,0,0,0,100
PDL,122,n* g**d co*******on,nv******rp.com,18,27,66.67,858,4,0,3,1,2,0,0,100
PDL,123,* * *,q*s.com,11,27,40.74,235,0,0,2,1,0,0,0,100
PDL,124,v* c**e,vc**fe.com,16,27,59.26,443,7,0,3,1,0,0,0,100
PDL,125,y***t ha**ns g***p l*d,ya*******ns.com,15,27,55.56,32,5,0,4,1,0,0,0,100
PDL,126,qw***ry,qw***ry.com,14,27,51.85,36,0,0,3,1,0,0,0,100
PDL,127,ra****el o* sw**en,ra************en.com,14,27,51.85,32,9,0,4,1,0,0,0,100
PDL,128,ol**eo g***l,ol*******ll.com,10,27,37.04,34,0,0,2,1,0,0,0,0
PDL,129,r***t ch**ce re****ry,ri*****************nj.com,12,27,44.44,374,0,0,2,1,0,0,0,100
PDL,130,"t*i, i*c.",t*i.com,14,27,51.85,31,7,0,3,1,0,1,0,100
PDL,131,w* be***es,wp*****es.com,8,27,29.63,18,0,0,2,1,0,0,0,0
PDL,132,*&* co*****ty,mn********ty.com,14,27,51.85,493,0,0,3,1,0,0,0,100
PDL,133,u***a g**h,u***a.com,7,27,25.93,18,0,0,2,1,0,0,0,0
PDL,134,o*l & g*s i*,oi*******iq.com,17,27,62.96,829,10,0,3,1,0,0,0,100
PDL,135,ta********on,ta********on.com,13,27,48.15,805,10,0,2,1,0,0,0,100
PDL,136,*є бугаевский *.*.,uk*******ek.com,11,27,40.74,25,1,0,2,1,0,0,0,49
PDL,137,s*r i* en***sh,su********sh.com,15,27,55.56,854,0,0,3,1,0,0,0,100
PDL,138,t* be***tt,tp*****tt.com,19,27,70.37,953,10,0,4,1,0,4,0,100
PDL,139,n**w,n**w.com,15,27,55.56,656,10,0,3,1,0,0,0,100
PDL,140,o***i,o***i.com,17,27,62.96,785,10,0,3,1,1,3,0,100
PDL,141,x***i i*c.,x***i.com,12,27,44.44,38,10,0,2,1,0,0,0,100
PDL,142,un******ty p***s o* co****do,up******do.com,17,27,62.96,843,0,0,4,1,0,0,0,100
PDL,143,g*s t*o o* uk***ne,t***a.com,14,27,51.85,563,0,0,3,1,0,0,0,100
PDL,144,fa***ng h*b p*t l*d,fa******ub.in,13,27,48.15,444,1,0,2,1,0,0,0,100
PDL,145,l**d gu**an & l***s,ml***co.com,15,27,55.56,522,1,0,2,1,0,0,0,100
PDL,146,s***x f***s re****al ai***rt au*****ty,sf*****rt.com,14,27,51.85,744,0,0,3,1,0,0,0,0
PDL,147,t***s c***e n**s i*c,t**n.com,9,27,33.33,24,0,0,2,1,0,0,0,100
PDL,148,rt******er,rt******er.com,12,27,44.44,394,0,0,3,0,0,0,0,100
PDL,149,v**i,v**i.com,15,27,55.56,747,0,0,4,1,0,0,0,100
PDL,150,wi*****sh,wi*****sh.com,18,27,66.67,809,10,0,4,1,0,0,0,100
PDL,151,pe***ck,pe*****tv.com,14,27,51.85,921,9,0,2,1,0,3,0,100
PDL,152,v***a,v***a.com,20,27,74.07,789,10,0,4,1,2,3,0,100
PDL,153,rv******ss,rv******ss.com,14,27,51.85,682,0,0,2,1,0,0,0,100
PDL,154,t**s cl****ng co***ny l*d,wf*****an.com,18,27,66.67,909,0,0,3,1,2,3,0,100
PDL,155,st*****ic sy***ms in*********al,ss********ns.com,17,27,62.96,940,10,0,3,1,0,0,0,100
PDL,156,*-s*m e**s f**d t***k,ry****************es.com,11,27,40.74,30,0,0,2,1,0,0,0,100
PDL,157,*. po**er in*********al de**gn,tp*********gn.com,10,27,37.04,653,0,0,2,0,0,0,0,26
PDL,158,y*k t**k,ya***ck.com,12,27,44.44,25,0,0,2,1,0,0,0,100
PDL,159,qu***um f***t au******on i*c,qf********on.com,15,27,55.56,33,10,0,3,1,0,0,0,100
PDL,160,o***o,o***o.com,18,27,66.67,762,8,0,4,1,3,3,0,100
PDL,161,u**i fu*****re,uc*****se.com,12,27,44.44,444,0,0,2,1,0,0,0,100
PDL,162,ps*******ic pa***ge,ps**************ge.com,15,27,55.56,440,9,0,3,1,0,0,0,100
PDL,163,r***n b**n ga**an & gr****ld l*p,r**g.com,16,27,59.26,839,10,0,2,1,0,0,0,100
PDL,164,ze***ck,ze*******bs.io,14,27,51.85,32,10,0,3,1,5,0,0,85
PDL,165,r**n'* p*t su****es,ry****et.com,17,27,62.96,838,4,0,4,1,0,0,0,100
PDL,166,qu***ty t**f i*c,q***f.com,13,27,48.15,519,0,0,2,1,0,0,0,100
PDL,167,qu***ty g**d,q***d.com,16,27,59.26,36,4,0,4,1,0,0,0,100
PDL,168,t*e ma**ne in*****te,rw******md.com,14,27,51.85,238,10,0,2,1,0,0,0,100
PDL,169,vo***ol,vo***ol.com,11,27,40.74,290,0,0,2,1,0,0,0,100
PDL,170,q*b e***t,qn*****li.com,12,27,44.44,31,0,0,3,1,1,0,0,100
PDL,171,vf*****on,vf*****on.com,17,27,62.96,561,10,0,4,1,3,0,0,100
PDL,172,sv****ow,sv****ow.com,14,27,51.85,655,0,0,4,0,0,0,0,100
PDL,173,qe****li,qe****li.com,19,27,70.37,748,10,0,4,1,0,4,0,100
PDL,174,q***k c***h,qu******ch.com,13,27,48.15,237,0,0,2,1,0,0,0,100
PDL,175,w* ad****fy,wp******fy.com,10,27,37.04,16,0,0,3,0,0,0,0,40
PDL,176,r* w*b h**t b*,rk*******bd.com,12,27,44.44,233,0,0,2,1,0,0,0,100
PDL,177,r**e b**k ce**ar,ra**********ar.com,9,27,33.33,28,0,0,2,1,0,0,0,0
PDL,178,p*n,pd*****ne.com,17,27,62.96,865,5,0,4,1,0,0,0,100
PDL,179,v***r,v***r.com,17,27,62.96,743,7,0,4,1,3,0,0,100
PDL,180,wo******el,wo*****************or.com,11,27,40.74,27,10,0,2,1,0,1,0,100
PDL,181,wi******on co**ty eq*****nt c*.,wm*****ip.com,16,27,59.26,774,10,0,2,1,0,0,0,100
PDL,182,ud********es.com,ud********es.com,15,27,55.56,828,4,0,4,1,0,0,0,100
PDL,183,t*a sy***ms,tm******ms.com,19,27,70.37,895,10,0,3,1,1,28,0,100
PDL,184,se***ia,se***ia.com,18,27,66.67,1024,10,0,4,1,0,0,0,100
PDL,185,w**z n*c ** a*d t*e c* g*-b**a,w**z.com,16,27,59.26,840,10,0,2,1,0,0,0,100
PDL,186,qo***ak,qo***ak.com,15,27,55.56,787,10,0,3,1,0,0,0,100
PDL,187,t**l o* t*e dr**on,ta***********on.com,8,27,29.63,19,0,0,2,1,0,0,0,0
PDL,188,开立医疗 so*****pe,so*****pe.com,15,27,55.56,38,3,0,3,1,0,0,0,100
PDL,189,w**l st**et in*********al,ws**ag.com,17,27,62.96,907,7,0,4,1,0,0,0,100
PDL,190,o***r am****an co*******on,ow******ks.com,13,27,48.15,576,0,0,2,1,0,0,0,100
PDL,191,p***a te******gy,pk*****ch.com,16,27,59.26,763,7,0,3,1,2,4,0,100
PDL,192,rh**ed ce**re,rh**ed.com,11,27,40.74,31,0,0,4,1,0,0,0,0
PDL,193,va********en,va********en.com,15,27,55.56,34,10,0,3,1,0,0,0,100
PDL,194,vi******le,vi******le.com,19,27,70.37,759,10,0,4,1,0,3,0,100
PDL,195,ym********om,ym********om.com,8,27,29.63,413,0,0,2,1,0,0,0,0
PDL,196,y*s& ag**cy,ye********cy.com,16,27,59.26,828,10,0,3,1,0,39,0,100
PDL,197,x***n,x***n.com,15,27,55.56,32,10,0,3,1,0,0,0,100
PDL,198,sl**fs,sl**fs.com,14,27,51.85,36,0,0,3,1,0,0,0,100
PDL,199,zi*****rt,zi*****rt.com,18,27,66.67,696,6,0,4,1,0,0,0,100
PDL,200,h***l re******nt,za***ah.com,12,27,44.44,816,0,0,2,1,0,0,0,100
PDL,201,ze******ve,zs***ic.com,15,27,55.56,579,4,0,3,1,0,0,0,100
PDL,202,t*e re****ic,re****ic.c*m.ng,12,27,44.44,25,8,0,2,1,0,0,0,100
PDL,203,yu***ng.com,,10,27,37.04,27,10,0,2,1,0,0,0,100
PDL,204,zw****en,zw****en.com,17,27,62.96,38,10,0,4,1,0,1,0,100
PDL,205,y**i k*m,yu***im.com,17,27,62.96,858,10,0,3,1,0,0,0,100
PDL,206,re***ne,rz******re.com,17,27,62.96,782,10,0,2,1,0,3,0,100
PDL,207,zi****ah f***s,zi****ah.com,13,27,48.15,803,0,0,2,1,0,0,0,100
PDL,208,（株）横浜ロイヤルパークホテル,y**h.com,12,27,44.44,754,0,0,2,1,0,0,0,0
PDL,209,wo***rd,wo***rd.com,17,27,62.96,783,5,0,3,1,0,0,0,100
PDL,210,yp**se,yp**se.com,16,27,59.26,865,10,0,3,1,0,0,0,100
Apollo,1,"T*e L*w Of***es o* Ge********ld & De***ji, P*",md*******************er.com,14,27,51.85,56,12,7,2,2,0,0,0,100
Apollo,2,Do*****er Ho********ip,do*****************ip.com,18,27,66.67,61,59,39,3,2,0,0,0,100
Apollo,3,J* Tr***ng a*d In******nt G***p,jk*************up.com,14,27,51.85,56,10,1,3,2,0,0,0,100
Apollo,4,A***a G***d P**x o* L**g B***h,g**b.com,18,27,66.67,65,54,15,3,2,1,0,0,100
Apollo,5,C***s-Wa*****al Ch***er o* Co****ce,cw*****er.com,16,27,59.26,59,1,3,3,2,0,0,0,100
Apollo,6,Ja********le Tr**********on Au*****ty,jt**la.com,19,27,70.37,72,103,31,3,2,1,1,0,100
Apollo,7,Lu*****ub,lu*****ub.com,18,27,66.67,69,140,24,3,2,3,0,0,100
Apollo,8,F* In*********al Ma***ts,fx******ts.com,14,27,51.85,52,0,20,3,2,0,0,0,57
Apollo,9,CE***OL (P*T) L*D,ce***ol.com,12,27,44.44,51,0,6,1,2,0,0,0,100
Apollo,10,K* Bl**ds,kd****ds.com,11,27,40.74,49,0,2,1,2,0,0,0,100
Apollo,11,Hv*****ik H*t Sp***gs & Na**re Re**rt,hv*****ik.com,15,27,55.56,53,55,14,2,2,0,0,0,100
Apollo,12,N***e D**e Gl**al Pa********ps,u*d.com,16,27,59.26,58,19,26,1,2,0,0,0,100
Apollo,13,DS*****NG,ds*****ng.com,15,27,55.56,48,57,12,3,1,0,0,0,100
Apollo,14,"B**e Kn***le Fi****ng Ch********ip, I*c.",b**c.com,13,27,48.15,62,0,3,2,2,2,0,0,100
Apollo,15,D*n T*i F**g N***h Am***ca,d*f.com,17,27,62.96,61,120,24,2,2,0,1,0,100
Apollo,16,Fo******on Fi*****al G***p,f*g.com,17,27,62.96,64,6,2,3,2,0,0,0,100
Apollo,17,B*I Tr*****nt Ce***rs,bn********nt.com,16,27,59.26,56,72,4,3,2,0,0,0,100
Apollo,18,L*L Co********on L*C,lj****st.com,8,27,29.63,46,0,5,1,2,0,0,0,0
Apollo,19,Fa**us To****ry,fa**********ry.com,14,27,51.85,58,10,7,2,2,0,0,0,100
Apollo,20,F**d H**p N*,fi******ni.com,15,27,55.56,50,87,13,2,1,0,0,0,100
Apollo,21,F*x Sp**ts Ne***rk,lv***********rk.com,12,27,44.44,48,28,4,1,1,0,0,0,0
Apollo,22,A***s Ne****ve,ne*************rs.com,17,27,62.96,65,159,31,2,2,0,1,0,100
Apollo,23,*'H***o d* S*-Ma***ce,lh*************ce.com,14,27,51.85,55,15,37,3,2,0,0,0,100
Apollo,24,"C***r L**e A**a Ch***er o* Co****ce - C***r L**e, I**a",cl*********wa.com,17,27,62.96,58,53,22,3,2,0,0,0,100
Apollo,25,Ku**ta En**ne Am***ca,ku********ne.com,18,27,66.67,60,62,41,3,2,0,0,0,100
Apollo,26,Fy*****ks L*D,f**e.works,15,27,55.56,57,40,17,1,2,0,0,0,100
Apollo,27,Iz*******zo B***o,iz*******zo.com,15,27,55.56,52,6,6,3,1,0,0,0,100
Apollo,28,In*********al Wo*******ng F**r L*C,iw******ta.com,17,27,62.96,60,51,20,3,2,0,0,0,100
Apollo,29,KA**OS A*,ka******io.com,11,27,40.74,44,2,5,1,0,0,0,0,44
Apollo,30,Gy****rk,gy****rk.com,19,27,70.37,72,106,76,3,2,1,1,0,100
Apollo,31,A**Y,a**y.com,19,27,70.37,67,121,10,3,2,0,3,0,100
Apollo,32,BS**ON,bs**on.com,17,27,62.96,57,83,15,3,2,0,0,0,100
Apollo,33,Di********ty Li***ed,di********ty.com,8,27,29.63,42,2,5,1,0,0,0,0,0
Apollo,34,Ge*****ds,ge*****ds.com,15,27,55.56,58,2,21,3,2,0,0,0,100
Apollo,35,Ec*****em Ma*******ce,ec****************ce.com,18,27,66.67,61,77,18,3,2,0,0,0,100
Apollo,36,iw*******me.com,iw*******me.com,17,27,62.96,64,45,24,3,1,0,0,0,100
Apollo,37,Eu****ne,fe************ne.com,15,27,55.56,53,7,1,3,1,0,0,0,100
Apollo,38,A*R,a*r.com,19,27,70.37,74,51,33,3,2,3,1,0,100
Apollo,39,C*m De*******nt,ca**********nt.com,14,27,51.85,55,1,5,3,2,0,0,0,95
Apollo,40,A**A,a**a.com,18,27,66.67,64,56,26,3,2,0,1,0,100
Apollo,41,Fu****ne Mu***al Pr****ts,fu*******sa.com,15,27,55.56,58,1,15,3,2,0,0,0,100
Apollo,42,Co******al B**k o* Ca******ia,c***l.com,19,27,70.37,73,155,56,3,2,3,1,0,100
Apollo,43,Ji****ft,ji****ft.com,12,27,44.44,45,0,8,3,1,0,0,0,100
Apollo,44,aq*****om,a*l.com,19,27,70.37,69,66,3,3,2,0,2,0,100
Apollo,45,D**a B**r,da****ar.com,16,27,59.26,59,85,8,2,2,0,0,0,100
Apollo,46,Ju**ks Po**sh Ki***en,ju***************en.com,11,27,40.74,49,0,12,1,2,0,0,0,100
Apollo,47,H**i M***a,hp*****ia.com,14,27,51.85,53,40,16,1,2,0,0,0,100
Apollo,48,Am****an Fr***ht Fu*****re & Ma****ss,am***********ht.com,17,27,62.96,65,70,12,3,2,0,0,0,100
Apollo,49,K**E,k**e.com,8,27,29.63,44,0,11,1,2,0,0,0,0
Apollo,50,B***L,b***l.com,19,27,70.37,79,56,26,3,2,2,0,0,100
Apollo,51,Aq**nt,aq**nt.com,20,27,74.07,75,219,37,3,2,1,9,0,100
Apollo,52,Am****an Na****al B**k o* T***s,a***x.com,18,27,66.67,77,17,52,3,2,1,1,0,100
Apollo,53,Ky**ra In*********al,ky***************al.com,20,27,74.07,80,60,51,3,2,4,8,0,100
Apollo,54,Ba**rs & Ro****rs,ba*************rs.com,16,27,59.26,56,34,5,2,2,0,0,0,100
Apollo,55,Bo**ne'* Fi*******rs Li***ed,js**********bs.com,8,27,29.63,39,0,3,1,1,0,0,0,100
Apollo,56,北京********公司,hl**et.com,8,27,29.63,40,0,0,1,1,0,0,0,0
Apollo,57,A*M W*b Ho***ng,ag*********ng.com,15,27,55.56,57,6,15,3,2,0,0,0,100
Apollo,58,A**i o* Am***ca,au***sa.com,17,27,62.96,64,3,56,3,2,0,1,0,100
Apollo,59,Www.de******lz.com,de******lz.com,10,27,37.04,42,0,14,2,1,0,0,0,96
Apollo,60,De**xe Di********on,d***f.com,15,27,55.56,58,51,10,1,2,0,1,0,100
Apollo,61,J**k F***t B*g Bo***er R**l E*,j**b.com,18,27,66.67,61,53,20,3,2,0,0,0,100
Apollo,62,H* G***p - IB****EM,ib****em.com,14,27,51.85,61,5,4,1,2,1,0,0,100
Apollo,63,En*****ax P*y L*d,en*****ax.com,19,27,70.37,64,75,15,3,2,0,1,0,100
Apollo,64,* He***hy L**e F*r M*,ah*************me.com,10,27,37.04,41,0,24,2,1,0,0,0,100
Apollo,65,Ca**kr,ca**kr.com,13,27,48.15,54,41,10,2,1,0,1,0,100
Apollo,66,Gl**al Co****ic In****ry,gc*******ne.com,16,27,59.26,58,172,18,3,2,0,0,0,100
Apollo,67,Jo***al O* Pi******ng Me***al Sc****es,jp******ne.com,10,27,37.04,45,0,5,1,1,0,0,0,0
Apollo,68,FV***nk,fv***nk.com,17,27,62.96,69,50,18,2,2,0,1,0,100
Apollo,69,K***o,k***o.com,20,27,74.07,80,195,31,3,2,3,2,0,100
Apollo,70,Ce**re f*r Ma******nt Te******gy,cm*****ts.com,18,27,66.67,60,86,15,3,2,0,0,0,100
Apollo,71,Cr**it U***n o* De**er,cu****er.com,17,27,62.96,65,48,20,2,2,0,1,0,100
Apollo,72,i**o U*,i**o.ai,15,27,55.56,68,52,30,1,2,6,1,0,100
Apollo,73,"E* P***o L**o, I*c.",el*******co.com,18,27,66.67,70,120,56,3,2,0,1,0,100
Apollo,74,K*S A*,k*s.com,19,27,70.37,63,145,36,3,2,0,2,0,100
Apollo,75,D**p,ed********al.com,15,27,55.56,58,62,11,1,2,0,0,0,100
Apollo,76,DM**GE,dm**ge.com,16,27,59.26,54,96,28,3,1,0,0,0,100
Apollo,77,Be*****ur In*******ve,b**r.com,20,27,74.07,74,147,65,3,2,3,6,0,100
Apollo,78,Gr********ak,gf****ak.com,15,27,55.56,61,62,6,2,2,0,0,0,100
Apollo,79,Co***ge o* Ma***ge Th******ts o* On***io,c**o.com,17,27,62.96,62,61,24,3,2,0,1,0,100
Apollo,80,Gl**al Co******on I***x Tr***ng L*C - A*u D***i Br**ch,gc***ae.com,12,27,44.44,50,0,9,2,2,0,0,0,47
Apollo,81,i***a Re****ch,id*********ch.com,18,27,66.67,62,35,18,3,2,0,1,0,100
Apollo,82,B*Q B**s,bb******ys.com,16,27,59.26,58,0,17,3,2,0,0,0,97
Apollo,83,Fa*****ch St***os,fa*****ch.com,18,27,66.67,61,137,21,3,2,0,1,0,100
Apollo,84,上海********公司,ct**le.com,11,27,40.74,51,2,4,1,2,0,0,0,0
Apollo,85,LX****ms,lx****ms.com,10,27,37.04,49,0,31,1,2,0,0,0,100
Apollo,86,Ey******ss N**s Ba***as,ew**ws.com,15,27,55.56,53,28,22,3,2,0,0,0,0
Apollo,87,"K***e C***s, L*C",ky******ks.com,10,27,37.04,40,0,26,2,1,0,1,0,100
Apollo,88,C*B Ap***ed Te********es,cj******************es.com,15,27,55.56,54,67,17,1,2,0,0,0,100
Apollo,89,*.*. Pe**er,jw****er.com,18,27,66.67,64,128,23,3,2,0,1,0,100
Apollo,90,RE******ON BE**TY,re************ty.com,19,27,70.37,76,2,53,3,2,2,2,0,100
Apollo,91,Ki***en & B**h Au*****ty,kb*******ty.com,12,27,44.44,54,0,28,2,2,0,1,0,100
Apollo,92,I*G Ca***al,id******al.com,19,27,70.37,66,163,9,3,2,0,3,0,100
Apollo,93,深***北,h***c.com,8,27,29.63,37,0,2,1,1,0,0,0,0
Apollo,94,"Sh****en J***i di***ay pr****ts C*., L*d.",f*w.com,13,27,48.15,52,12,2,1,2,0,0,0,47
Apollo,95,i*S,i*s.com,16,27,59.26,57,69,27,2,2,0,0,0,100
Apollo,96,Il***al P**e'*,il********es.com,18,27,66.67,62,43,15,3,2,0,0,0,100
Apollo,97,Le**cy G*S Tr***it,gp******it.com,20,27,74.07,82,147,41,3,2,2,5,0,100
Apollo,98,J**O Dy****cs,j**o.com,19,27,70.37,71,167,47,3,2,0,1,0,100
Apollo,99,K**i En*********nt,k**i.com,19,27,70.37,73,109,28,3,2,1,1,0,100
Apollo,100,*&* Co*****ty,mn********ty.com,14,27,51.85,51,133,18,1,1,0,0,0,100
Apollo,101,Mz***ls So****re,mz***ls.com,10,27,37.04,42,0,8,2,1,0,0,0,0
Apollo,102,N*w Y**k Vi*****me Cr***cs Ci**le,ny*********cs.com,16,27,59.26,55,54,8,2,2,0,0,0,100
Apollo,103,F**E *-M**L,o***o.com,14,27,51.85,57,2,3,3,1,0,1,0,11
Apollo,104,My*******it H* so****re,my*******it.com,18,27,66.67,65,75,22,3,2,0,0,0,100
Apollo,105,N* G**d Co*******on,nv******rp.com,15,27,55.56,59,29,19,1,2,0,1,0,100
Apollo,106,N**W,n**w.com,18,27,66.67,61,99,17,3,2,0,0,0,100
Apollo,107,Mx****ia,mx****ia.com,16,27,59.26,54,39,13,3,1,0,0,0,100
Apollo,108,A***w,n***w.com,17,27,62.96,65,73,9,3,1,1,0,0,100
Apollo,109,L**d Gu**an & L***s,ml***co.com,16,27,59.26,59,57,9,1,2,0,0,0,100
Apollo,110,O* Le**en,oh****en.com,17,27,62.96,66,73,13,3,2,0,1,0,100
Apollo,111,Ne***rk In*******ns,ne**************ns.com,18,27,66.67,63,196,24,3,2,0,1,0,100
Apollo,112,Ne**da S***e De******ic P***y,nv**ms.com,17,27,62.96,60,32,14,3,2,0,0,0,100
Apollo,113,Qu****ng Q***n,od******er.com,10,27,37.04,45,0,8,1,1,0,0,0,100
Apollo,114,j**s,ok********es.com,13,27,48.15,59,0,24,2,2,0,1,0,100
Apollo,115,Ma**on D* Qu****er D*s Li******es,mq********es.com,8,27,29.63,36,0,3,1,0,0,0,0,100
Apollo,116,T*e No*****st Se***rt Al****ce,nw*************ce.com,18,27,66.67,67,63,13,3,2,1,0,0,100
Apollo,117,M*A I***a,mm****ia.com,10,27,37.04,45,1,3,1,1,0,0,0,0
Apollo,118,M***i-He**th Sy***ms I*c. (M*S),m*s.com,20,27,74.07,74,179,37,3,2,1,4,0,100
Apollo,119,N*X,n*x.com,19,27,70.37,74,112,14,3,2,2,0,0,100
Apollo,120,N*D,n*d.com,13,27,48.15,51,56,10,1,1,0,1,0,100
Apollo,121,*'G**a C***h,og******ch.com,18,27,66.67,63,55,30,2,2,0,2,0,100
Apollo,122,M**E H**H C**B,mi********ub.com,8,27,29.63,40,0,6,1,1,0,0,0,0
Apollo,123,开立医疗 So*****pe,so*****pe.com,18,27,66.67,63,155,8,2,2,0,3,0,100
Apollo,124,S*r i* En***sh,su********sh.com,16,27,59.26,58,54,26,3,2,0,0,0,100
Apollo,125,V*N Ja**it,vp*****it.com,6,27,22.22,35,0,39,0,0,0,0,0,100
Apollo,126,R***n B**n Ga**an & Gr****ld L*P,r**g.com,15,27,55.56,58,43,4,1,2,0,0,0,100
Apollo,127,Wo******el,wo*****************or.com,17,27,62.96,69,124,58,3,2,0,0,0,100
Apollo,128,Ol**eo G***l,ol*******ll.com,11,27,40.74,50,0,6,1,2,0,0,0,100
Apollo,129,"T*I, I*c.",t*i.com,19,27,70.37,70,142,47,3,2,0,17,0,100
Apollo,130,V* C**e,vc**fe.com,18,27,66.67,64,73,27,3,2,0,0,0,100
Apollo,131,Na****al Re****ch G***p,n***r.com,15,27,55.56,60,139,30,1,1,0,1,0,100
Apollo,132,W**Z N*C ** a*d T*e C* G*-B**A,w**z.com,17,27,62.96,64,41,15,2,2,0,0,0,100
Apollo,133,Vi******le,vi******le.com,18,27,66.67,77,12,34,3,2,1,1,0,100
Apollo,134,P*N,pd*****ne.com,18,27,66.67,62,11,30,3,2,0,0,0,100
Apollo,135,SL**FS,sl**fs.com,17,27,62.96,60,54,29,3,2,0,1,0,100
Apollo,136,M*I Mo**le Re**rt,mm***********rt.com,10,27,37.04,43,49,6,1,0,0,0,0,0
Apollo,137,Wf****no,wf****no.com,8,27,29.63,37,0,7,2,0,0,0,0,100
Apollo,138,Re***ne,rz******re.com,18,27,66.67,73,148,28,2,2,1,0,0,100
Apollo,139,V***r,v***r.com,18,27,66.67,69,127,58,3,1,4,1,0,100
Apollo,140,O*l & G*s I*,oi*******iq.com,18,27,66.67,60,185,8,3,2,0,0,0,100
Apollo,141,Tr**el & To***sm N**s (T*n) Mi**le E**t,tt********de.com,11,27,40.74,42,0,11,2,1,0,0,0,0
Apollo,142,R**n'* P*t Su****es,ry****et.com,17,27,62.96,63,63,11,3,2,0,0,0,100
Apollo,143,E*T Co*******on,e*t.com,19,27,70.37,67,149,61,3,2,0,3,0,100
Apollo,144,Un******ty P***s o* Co****do,up******do.com,18,27,66.67,60,55,22,3,2,0,0,0,100
Apollo,145,Qu***ty G**d,q***d.com,17,27,62.96,66,0,11,3,2,0,4,0,100
Apollo,146,V**I,v**i.com,17,27,62.96,65,51,38,2,2,0,1,0,100
Apollo,147,RV******ss,rv******ss.com,17,27,62.96,59,90,9,3,2,0,0,0,100
Apollo,148,W**n M***u Li***ed,wy************ed.com,12,27,44.44,54,0,37,1,2,0,0,0,100
Apollo,149,O***v Ne***rk,ou*******al.com,20,27,74.07,76,67,10,3,2,1,2,0,100
Apollo,150,Ra****el o* Sw**en,ra************en.com,19,27,70.37,69,62,29,3,2,1,1,0,100
Apollo,151,M**r,m**r.com,17,27,62.96,56,103,9,3,1,0,0,0,100
Apollo,152,Qu***um F***t Au******on I*c,qf********on.com,17,27,62.96,58,49,13,3,2,0,0,0,100
Apollo,153,Qo***ak,qo***ak.com,17,27,62.96,61,105,15,3,2,0,1,0,100
Apollo,154,G*s T*O o* Uk***ne,t***a.com,15,27,55.56,52,33,3,1,1,0,0,0,100
Apollo,155,Rh**ed,rh**ed.com,11,27,40.74,49,0,15,2,2,0,0,0,100
Apollo,156,W**A,w**a.com,18,27,66.67,63,55,54,3,2,0,0,0,100
Apollo,157,Vo***ol,vo***ol.com,14,27,51.85,51,54,15,1,2,0,0,0,100
Apollo,158,Qe****li,qe****li.com,19,27,70.37,66,111,73,3,2,0,1,0,100
Apollo,159,V***a,v***a.com,19,27,70.37,78,69,18,3,2,5,1,0,100
Apollo,160,SV****OW,sv****ow.com,15,27,55.56,55,50,12,3,2,0,0,0,100
Apollo,161,Wo***rd,wo***rd.com,18,27,66.67,62,57,24,3,2,0,1,0,100
Apollo,162,St*****ic Sy***ms In*********al,ss********ns.com,18,27,66.67,62,108,17,3,2,0,0,0,100
Apollo,163,S***x F***s Re****al Ai***rt Au*****ty,sf*****rt.com,17,27,62.96,61,54,10,3,2,0,0,0,100
Apollo,164,So****ce So****on,so************on.com,15,27,55.56,61,89,6,1,2,0,1,0,100
Apollo,165,T**S Cl****ng Co***ny L*d,wf*****an.com,18,27,66.67,65,165,27,3,2,0,1,0,100
Apollo,166,Ze***ck,ze*******bs.io,19,27,70.37,77,177,23,3,2,8,0,0,100
Apollo,167,Ma**ne Re****ch,rw******md.com,10,27,37.04,46,1,8,1,1,0,0,0,0
Apollo,168,T*e Re****ic,rp**lc.com,15,27,55.56,49,38,13,2,1,0,0,0,100
Apollo,169,QU***TY T**F I*C,q***f.com,13,27,48.15,49,2,16,3,1,0,0,0,100
Apollo,170,t* be***tt,tp*****tt.com,18,27,66.67,64,153,15,3,2,0,1,0,100
Apollo,171,O***o,o***o.com,18,27,66.67,76,147,17,3,2,4,0,0,100
Apollo,172,*. Po**er In*********al De**gn,tp*********gn.com,12,27,44.44,49,36,10,1,1,0,1,0,0
Apollo,173,vF*****on,vf*****on.com,18,27,66.67,71,62,11,3,1,6,1,0,100
Apollo,174,Ps*******ic Pa***ge,ps**************ge.com,16,27,59.26,55,48,20,2,2,0,0,0,100
Apollo,175,R**e B**k Ce**ar,ra**********ar.com,12,27,44.44,53,0,15,2,2,0,0,0,42
Apollo,176,* * *,q*s.com,10,27,37.04,53,0,8,1,2,0,0,0,0
Apollo,177,北京***********公司,x**q.com,14,27,51.85,48,43,4,1,1,0,0,0,100
Apollo,178,T*A Sy***ms,tm******ms.com,20,27,74.07,79,107,68,3,2,1,7,0,100
Apollo,179,Co****er Sc***ce t***r a*d te***er on**ne,it*****li.com,15,27,55.56,50,100,10,2,1,0,0,0,93
Apollo,180,O***R AM****AN CO*******ON,ow******ks.com,12,27,44.44,49,0,8,2,2,0,0,0,100
Apollo,181,Q***k Sh***le B* T***X,qu******ch.com,13,27,48.15,52,4,0,1,2,0,0,0,74
Apollo,182,Pe***ck,,16,27,59.26,62,11,29,3,2,0,1,0,100
Apollo,183,T**L O* T*E DR**ON,ta***********on.com,8,27,29.63,45,0,14,1,2,0,0,0,0
Apollo,184,R***t Ch**ce Re****ry,ri*****************nj.com,13,27,48.15,53,0,15,2,2,0,0,0,100
Apollo,185,Qw***ry,qw***ry.com,19,27,70.37,64,61,21,3,2,0,1,0,100
Apollo,186,Ud********es,ud********es.com,13,27,48.15,52,0,22,2,2,0,0,0,100
Apollo,187,U***a G**H,u***a.com,10,27,37.04,45,0,8,1,2,0,0,0,100
Apollo,188,W* Ad****fy,wp******fy.com,11,27,40.74,44,2,8,2,0,0,0,0,100
Apollo,189,*-S*m E**s F**d T***k,ry****************es.com,9,27,33.33,44,0,12,1,1,0,0,0,100
Apollo,190,Wi*****sh,wi*****sh.com,18,27,66.67,71,14,8,3,2,1,0,0,100
Apollo,191,U**i H***e,uc*****se.com,12,27,44.44,53,2,6,2,2,0,0,0,100
Apollo,192,W* Be***es,wp*****es.com,9,27,33.33,42,0,9,2,1,0,0,0,100
Apollo,193,Se***ia,se***ia.com,18,27,66.67,64,171,16,3,2,0,1,0,100
Apollo,194,*Є Бугаевский *.*.,uk*******ek.com,16,27,59.26,55,2,17,3,1,0,0,0,35
Apollo,195,Va********en,va********en.com,18,27,66.67,61,143,22,3,2,0,1,0,100
Apollo,196,RT******er,rt******er.com,12,27,44.44,50,0,23,3,2,0,0,0,100
Apollo,197,Wi******on Co**ty Eq*****nt C*.,wm*****ip.com,18,27,66.67,65,62,8,3,2,0,1,0,100
Apollo,198,p* i**o,pd**fo.com,9,27,33.33,48,0,6,0,2,0,0,0,100
Apollo,199,P***A Te******gy,pk*****ch.com,18,27,66.67,63,49,98,2,2,0,2,0,100
Apollo,200,Ze******ve,zs***ic.com,15,27,55.56,58,67,5,1,2,0,0,0,100
Apollo,201,Y**i K*m,yu***im.com,17,27,62.96,62,53,23,3,2,0,1,0,100
Apollo,202,YM********om.com,ym********om.com,10,27,37.04,50,0,9,0,2,0,0,0,100
Apollo,203,Zi****ah F***s,zi****ah.com,13,27,48.15,56,0,14,2,2,0,0,0,100
Apollo,204,Y*k T**k,ya***ck.com,11,27,40.74,47,1,10,1,1,0,0,0,100
Apollo,205,（株）横浜ロイヤルパークホテル,y**h.com,13,27,48.15,56,0,13,3,2,0,0,0,100
Apollo,206,Yu***ng.com,yu***ng.com,18,27,66.67,65,76,7,3,2,1,0,0,100
Apollo,207,Zw****en,zw****en.com,18,27,66.67,64,94,24,3,2,0,0,0,100
Apollo,208,X***i I*c.,x***i.com,19,27,70.37,69,156,79,3,2,0,7,0,100
Apollo,209,Ta********on,ta********on.com,20,27,74.07,76,150,38,3,2,1,2,0,100
Apollo,210,X***n,x***n.com,17,27,62.96,65,189,18,3,2,0,1,0,100
Apollo,211,Za***ah,za***ah.com,19,27,70.37,69,73,29,3,2,1,0,0,100
Apollo,212,YP**se,yp**se.com,19,27,70.37,76,88,27,3,2,1,0,0,100
Apollo,213,Y***t Ha**ns G***p L*d,ya*******ns.com,18,27,66.67,60,53,16,3,2,0,0,0,100
Apollo,214,Y*s& Ag**cy,ye********cy.com,17,27,62.96,65,126,22,1,2,0,6,0,100
Apollo,215,Zi*****rt,zi*****rt.com,18,27,66.67,62,47,30,3,2,0,0,0,100
CompanyEnrich,1,Ce**re f*r Ma******nt Te******gy,cm*****ts.com,20,27,74.07,40,26,13,4,2,0,0,0,100
CompanyEnrich,2,A**i o* Am***ca,au***sa.com,21,27,77.78,33,28,24,5,2,0,0,0,100
CompanyEnrich,3,C*B Ap***ed Te********es,cj******************es.com,16,27,59.26,36,24,9,1,2,0,0,0,100
CompanyEnrich,4,Fp******ps,fp******ps.com,11,27,40.74,28,26,0,0,2,0,0,0,100
CompanyEnrich,5,Be*****ur In*******ve,b**r.com,23,27,85.19,43,24,15,6,2,2,0,0,100
CompanyEnrich,6,B*Q P*t B**s,bb******ys.com,20,27,74.07,36,20,16,5,2,0,0,0,100
CompanyEnrich,7,Ge*****ds,ge*****ds.com,19,27,70.37,39,19,16,5,2,0,0,0,100
CompanyEnrich,8,Fi******NI,fi******ni.com,18,27,66.67,38,14,6,3,2,0,0,0,100
CompanyEnrich,9,B**e Kn***le Fi****ng Ch********ip,b**c.com,18,27,66.67,40,24,4,6,1,3,0,0,100
CompanyEnrich,10,D*n T*i F**g,d*f.com,19,27,70.37,39,25,6,3,2,0,0,0,100
CompanyEnrich,11,BS**ON,bs**on.com,18,27,66.67,38,7,9,3,2,0,0,0,100
CompanyEnrich,12,G*S Tr***it,gp******it.com,23,27,85.19,48,23,19,6,2,1,0,0,100
CompanyEnrich,13,C***r L**e I**a Ch***er o* Co****ce,cl*********wa.com,20,27,74.07,40,24,21,5,2,0,0,0,100
CompanyEnrich,14,C**O,c**o.com,20,27,74.07,40,24,16,5,2,0,0,0,100
CompanyEnrich,15,B***L,b***l.com,21,27,77.78,37,23,17,5,2,0,0,0,100
CompanyEnrich,16,Am****an Fr***ht,am***********ht.com,21,27,77.78,32,26,15,5,2,0,0,0,100
CompanyEnrich,17,B*I Tr*****nt Ce***rs,bn********nt.com,19,27,70.37,39,27,18,5,2,0,0,0,100
CompanyEnrich,18,F* Ma***ts,fx**ek.com,16,27,59.26,35,16,6,3,2,0,0,0,100
CompanyEnrich,19,A***s Ne****ve,at*********ve.com,17,27,62.96,25,31,0,5,2,0,0,0,100
CompanyEnrich,20,Gf****ak,gf****ak.com,18,27,66.67,38,26,19,4,2,0,0,0,100
CompanyEnrich,21,E**O,ed********al.com,17,27,62.96,37,24,26,2,2,0,0,0,100
CompanyEnrich,22,En*****ax,en*****ax.com,21,27,77.78,41,22,12,5,2,0,0,0,100
CompanyEnrich,23,A**A,a**a.com,21,27,77.78,41,24,18,5,2,0,0,0,100
CompanyEnrich,24,A*R,a*r.com,22,27,81.48,46,23,20,5,2,2,0,0,100
CompanyEnrich,25,Ba**rs & Ro****rs,ba*************rs.com,18,27,66.67,39,26,9,3,2,0,0,0,100
CompanyEnrich,26,Ey******ss N**s,ew**ws.com,18,27,66.67,28,26,26,5,2,0,0,0,100
CompanyEnrich,27,A***a G***d P**x o* L**g B***h,g**b.com,20,27,74.07,40,26,19,5,2,0,0,0,100
CompanyEnrich,28,F***u,f*w.com,18,27,66.67,27,12,2,4,2,0,0,0,100
CompanyEnrich,29,Gy****rk,gy****rk.com,23,27,85.19,48,18,21,6,2,1,0,0,100
CompanyEnrich,30,Aq**nt,aq**nt.com,22,27,81.48,49,24,25,4,2,1,5,0,100
CompanyEnrich,31,D**a B**r,da****ar.com,20,27,74.07,40,7,18,5,2,0,0,0,100
CompanyEnrich,32,E**a P***d C**e,ez*********ke.com,12,27,44.44,16,19,11,2,0,0,0,0,100
CompanyEnrich,33,Co******al B**k o* Ca******ia,c***l.com,21,27,77.78,44,25,12,4,2,1,0,0,100
CompanyEnrich,34,De******lz,de******lz.com,14,27,51.85,22,19,17,2,1,0,0,0,100
CompanyEnrich,35,Do*****er Ho********ip,do*****************ip.com,21,27,77.78,41,26,20,5,2,0,0,0,100
CompanyEnrich,36,GC***AE,gc***ae.com,18,27,66.67,36,19,6,5,2,0,0,0,100
CompanyEnrich,37,A**Y,a**y.com,21,27,77.78,41,7,15,5,2,0,0,0,100
CompanyEnrich,38,G***n P**k P***y,gr**********ty.com,10,27,37.04,27,27,0,0,1,0,0,0,100
CompanyEnrich,39,* He***hy L**e F*r M*,ah*************me.com,16,27,59.26,24,21,28,4,1,0,0,0,100
CompanyEnrich,40,Fa**us To****ry,fa**********ry.com,19,27,70.37,39,17,24,4,2,0,0,0,100
CompanyEnrich,41,Q*S,q*s.com,17,27,62.96,35,24,0,5,2,0,0,0,100
CompanyEnrich,42,E* In***er,ej*****er.com,12,27,44.44,17,23,7,2,0,0,0,0,100
CompanyEnrich,43,E*T,e*t.com,23,27,85.19,49,25,10,6,2,4,0,0,100
CompanyEnrich,44,De******ep,de******ep.com,12,27,44.44,17,25,11,2,0,0,0,0,100
CompanyEnrich,45,Fa*****ch,fa************os.com,18,27,66.67,36,5,0,5,1,0,0,0,100
CompanyEnrich,46,A*M W*b Ho***ng,ag*********ng.com,18,27,66.67,38,23,12,3,2,0,0,0,100
CompanyEnrich,47,Bu**ed Co****ge,bu**********ge.com,17,27,62.96,36,23,12,4,2,0,0,0,100
CompanyEnrich,48,Ec*****em Ma*******ce,ec****************ce.com,19,27,70.37,39,25,19,3,2,0,0,0,100
CompanyEnrich,49,N***e D**e At*****cs,fi*********sh.com,19,27,70.37,37,27,10,4,2,0,0,0,100
CompanyEnrich,50,C***s-Wa*****al Ch***er,cw*****er.com,21,27,77.78,41,26,7,5,2,0,0,0,100
CompanyEnrich,51,Fy*****ks,f**e.works,20,27,74.07,40,27,11,5,2,0,0,0,100
CompanyEnrich,52,Br***et Z**e St***on,br**************on.com,11,27,40.74,19,20,0,0,2,0,0,0,100
CompanyEnrich,53,di********ty,di********ty.com,12,27,44.44,18,25,7,2,0,0,0,0,100
CompanyEnrich,54,Ak**ne,ak**ne.com,14,27,51.85,19,23,18,4,0,0,0,0,100
CompanyEnrich,55,Cr**it U***n o* De**er,cu****er.com,19,27,70.37,39,25,25,3,2,0,0,0,100
CompanyEnrich,56,FV***nk,fv***nk.com,20,27,74.07,46,23,15,3,2,3,0,0,100
CompanyEnrich,57,Fo******on Fi*****al G***p,f*g.com,19,27,70.37,40,6,9,3,2,0,0,0,100
CompanyEnrich,58,B* Co*****cs,bh*******cs.com,21,27,77.78,32,9,27,5,2,0,0,0,100
CompanyEnrich,59,Ge**gi Ge****ov,gg*****ov.com,11,27,40.74,16,28,0,2,0,0,0,0,100
CompanyEnrich,60,C*M De*******nt,ca**********nt.com,18,27,66.67,38,26,6,3,2,0,0,0,100
CompanyEnrich,61,Fu****ne Mu***al Pr****ts,fu****ne.com,17,27,62.96,28,10,9,3,2,0,0,0,100
CompanyEnrich,62,Em****as G**n Co****ia,em****************ia.com,14,27,51.85,31,15,0,4,1,0,0,0,100
CompanyEnrich,63,E* P***o L**o,el*******co.com,23,27,85.19,50,28,17,6,2,2,0,0,100
CompanyEnrich,64,Gl**al Co****ic In****ry,gc*******ne.com,19,27,70.37,39,26,21,4,2,0,0,0,100
CompanyEnrich,65,Ap****er,ap****er.com,13,27,48.15,17,20,11,3,0,0,0,0,100
CompanyEnrich,66,Ce***ol,ce***ol.com,16,27,59.26,25,21,4,1,2,0,0,0,100
CompanyEnrich,67,Am****an Na****al B**k o* T***s,a***x.com,22,27,81.48,45,18,21,5,2,1,0,0,100
CompanyEnrich,68,Eu**ne E**c K*m,e***m.com,12,27,44.44,16,14,8,2,0,0,0,0,100
CompanyEnrich,69,DM**GE,dm**ge.com,21,27,77.78,37,28,26,5,2,0,0,0,100
CompanyEnrich,70,Ca**kr,ca**kr.com,20,27,74.07,40,18,6,5,2,0,0,0,100
CompanyEnrich,71,K**E,k**e.com,19,27,70.37,38,20,22,5,2,0,0,0,100
CompanyEnrich,72,*'G**a C***h Be***ly H***s,og******ch.com,21,27,77.78,41,24,6,5,2,0,0,0,100
CompanyEnrich,73,Mx****ia,mx****ia.com,19,27,70.37,30,25,16,3,2,0,0,0,100
CompanyEnrich,74,H**i M***a,hp*****ia.com,17,27,62.96,37,27,14,1,2,0,0,0,100
CompanyEnrich,75,*.*. Pe**er,jw****er.com,21,27,77.78,41,21,15,5,2,0,0,0,100
CompanyEnrich,76,HH***le,hh***le.com,15,27,55.56,24,23,4,3,2,0,0,0,100
CompanyEnrich,77,Ne***rk In*******ns,ne**************ns.com,21,27,77.78,37,26,6,5,2,0,0,0,100
CompanyEnrich,78,L* Fo**ms,lx****ms.com,15,27,55.56,33,22,21,2,2,0,0,0,100
CompanyEnrich,79,Il***al P**e'*,il********es.com,20,27,74.07,40,27,21,4,2,0,0,0,100
CompanyEnrich,80,O*l & G*s I*,oi*******iq.com,19,27,70.37,39,25,18,3,2,0,0,0,100
CompanyEnrich,81,In*********al Wo*******ng F**r,iw******ta.com,20,27,74.07,40,27,19,5,2,0,0,0,100
CompanyEnrich,82,Ki**le Di**ct Pu******ng,kd********ty.com,12,27,44.44,17,24,0,3,0,0,0,0,100
CompanyEnrich,83,K*S,k*s.com,21,27,77.78,43,26,16,4,2,0,2,0,100
CompanyEnrich,84,K***e C***s,ky******ks.com,16,27,59.26,25,25,21,4,1,0,0,0,100
CompanyEnrich,85,O* Le**en,oh****en.com,20,27,74.07,31,24,16,5,2,0,0,0,100
CompanyEnrich,86,L**d Gu**an L***s,ml***co.com,17,27,62.96,33,24,11,1,2,0,0,0,100
CompanyEnrich,87,Ok****ma J*e'*,ok********es.com,20,27,74.07,40,18,17,5,2,0,0,0,100
CompanyEnrich,88,iw*******me,iw*******me.com,18,27,66.67,38,24,13,3,1,0,0,0,100
CompanyEnrich,89,Jo***ey Ma****ne,jm******ne.com,17,27,62.96,35,15,8,3,2,0,0,0,100
CompanyEnrich,90,N***W,n***w.com,20,27,74.07,37,25,22,5,2,0,0,0,100
CompanyEnrich,91,M*I Mo**le Re**rt,mm***********rt.com,11,27,40.74,15,23,5,1,0,0,0,0,100
CompanyEnrich,92,L*D Ed*****al,li********al.com,21,27,77.78,32,26,16,5,2,0,0,0,100
CompanyEnrich,93,J**k F***t B*g Bo***er,j**b.com,19,27,70.37,39,25,22,4,2,0,0,0,100
CompanyEnrich,94,Lu*****ub,lu*****ub.com,21,27,77.78,47,24,12,5,2,4,0,0,100
CompanyEnrich,95,Jo***al o* Pi******ng Me***al Sc****es,jp******ne.com,16,27,59.26,34,15,11,2,2,0,0,0,100
CompanyEnrich,96,K***o,k***o.com,21,27,77.78,47,27,20,4,2,4,0,0,100
CompanyEnrich,97,Na****al Re****ch G***p,n***r.com,18,27,66.67,29,27,13,3,2,0,0,0,100
CompanyEnrich,98,N**W,n**w.com,21,27,77.78,41,23,13,5,2,0,0,0,100
CompanyEnrich,99,K***o A***o,ka******io.com,18,27,66.67,26,22,0,5,1,0,0,0,100
CompanyEnrich,100,L*s V***s Sp**ts Ne***rk,lv***********rk.com,17,27,62.96,35,13,6,4,2,0,0,0,100
CompanyEnrich,101,Mi***er,ie******th.com,22,27,81.48,44,25,13,6,2,2,0,0,100
CompanyEnrich,102,Ol**eo G***l,ol*******ll.com,16,27,59.26,35,21,9,3,2,0,0,0,100
CompanyEnrich,103,*-L*N Gr**ns,jl******ns.com,11,27,40.74,24,26,0,0,2,0,0,0,100
CompanyEnrich,104,Ko**an D***m,ko*******am.com,12,27,44.44,16,30,0,3,0,0,0,0,100
CompanyEnrich,105,My*******it,my*******it.com,19,27,70.37,39,26,14,3,2,0,0,0,100
CompanyEnrich,106,I*G Ca***al,id******al.com,21,27,77.78,35,25,6,4,2,2,0,0,100
CompanyEnrich,107,i*s,i*s.com,21,27,77.78,41,25,19,5,2,0,0,0,100
CompanyEnrich,108,L*L Co********on,lj****st.com,14,27,51.85,32,20,5,2,2,0,0,0,100
CompanyEnrich,109,M***i-He**th Sy***ms,m*s.com,20,27,74.07,40,18,20,4,2,0,0,0,100
CompanyEnrich,110,Ne**da S***e De******ic P***y,nv**ms.com,19,27,70.37,30,10,23,5,2,0,0,0,100
CompanyEnrich,111,L***y,l***y.com,13,27,48.15,17,15,10,3,0,0,0,0,100
CompanyEnrich,112,No*****st Se***rt Al****ce,nw*************ce.com,22,27,81.48,45,25,15,5,2,1,0,0,100
CompanyEnrich,113,*&* Co*****ty,mn********ty.com,16,27,59.26,36,25,9,2,1,0,0,0,100
CompanyEnrich,114,O***o,o***o.com,19,27,70.37,30,15,13,4,2,0,0,0,100
CompanyEnrich,115,H***A,h***a.com,14,27,51.85,22,20,5,2,2,0,0,0,100
CompanyEnrich,116,Ji****ft,ji****ft.com,18,27,66.67,36,27,11,4,2,0,0,0,100
CompanyEnrich,117,i***a Re****ch,id*********ch.com,19,27,70.37,39,24,21,3,2,0,0,0,100
CompanyEnrich,118,J* In******nt G***p,jk*************up.com,17,27,62.96,37,23,8,3,2,0,0,0,100
CompanyEnrich,119,Ge********ld De***ji,md*******************er.com,17,27,62.96,37,24,6,2,2,0,0,0,100
CompanyEnrich,120,N*D,n*d.com,16,27,59.26,36,20,15,2,2,0,0,0,100
CompanyEnrich,121,Jc**nt,jc**nt.com,15,27,55.56,22,20,15,3,1,0,0,0,100
CompanyEnrich,122,J**O,j**o.com,19,27,70.37,30,25,21,3,2,0,0,0,100
CompanyEnrich,123,ib****em,ib****em.com,17,27,62.96,39,25,6,3,2,1,0,0,100
CompanyEnrich,124,OE**TC,oe**tc.com,13,27,48.15,17,19,12,3,0,0,0,0,100
CompanyEnrich,125,J***a Br****ck,je*********ck.com,14,27,51.85,19,24,6,4,0,0,0,0,100
CompanyEnrich,126,La**na M*m M***s,la**********ls.com,12,27,44.44,16,25,0,3,0,0,0,0,100
CompanyEnrich,127,*’H***o d* S*-Ma***ce,lh*************ce.com,14,27,51.85,31,23,24,2,2,0,0,0,100
CompanyEnrich,128,I**F,i**f.com,16,27,59.26,35,17,10,2,2,0,0,0,100
CompanyEnrich,129,N*w Y**k Vi*****me Cr***cs Ci**le,ny*********cs.com,17,27,62.96,26,21,6,3,1,0,0,0,100
CompanyEnrich,130,J*A,jt**la.com,22,27,81.48,45,25,15,5,2,1,0,0,100
CompanyEnrich,131,K* Bl**ds,kd****ds.com,14,27,51.85,34,6,5,1,2,0,0,0,100
CompanyEnrich,132,K**i,k**i.com,20,27,74.07,40,24,10,5,1,0,0,0,100
CompanyEnrich,133,M*-T***s,mz***ls.com,17,27,62.96,35,25,13,3,1,0,0,0,100
CompanyEnrich,134,Ky**ra In*********al,ky***************al.com,23,27,85.19,49,19,16,6,2,2,0,0,100
CompanyEnrich,135,Hv***sv**,hv*****ik.com,18,27,66.67,28,28,8,3,2,0,0,0,100
CompanyEnrich,136,N*X,n*x.com,22,27,81.48,36,25,11,5,2,1,0,0,100
CompanyEnrich,137,M*A I***a,mm****ia.com,13,27,48.15,17,25,0,4,0,0,0,0,100
CompanyEnrich,138,R* In*******ts,rk**********ts.com,12,27,44.44,29,24,0,1,2,0,0,0,100
CompanyEnrich,139,T**l o* T*e Dr**on,ta***********on.com,16,27,59.26,35,19,17,4,2,0,0,0,100
CompanyEnrich,140,Ku**ta En**ne Am***ca,ku********ne.com,20,27,74.07,40,19,19,4,2,0,0,0,100
CompanyEnrich,141,Ta********on,ta********on.com,20,27,74.07,36,23,7,4,2,0,0,0,100
CompanyEnrich,142,Iz*******zo B***o,iz*******zo.com,19,27,70.37,29,6,19,4,1,0,0,0,100
CompanyEnrich,143,Qu***um F***t Au******on,qf********on.com,19,27,70.37,39,25,12,4,2,0,0,0,100
CompanyEnrich,144,Re***ne,rz******re.com,19,27,70.37,39,25,11,3,2,0,0,0,100
CompanyEnrich,145,V* Ma*****ls M**t,vj***********rt.com,14,27,51.85,31,25,0,3,2,0,0,0,100
CompanyEnrich,146,Ra****el o* Sw**en,ra************en.com,23,27,85.19,46,20,18,6,2,1,0,0,100
CompanyEnrich,147,RT******er,rt******er.com,16,27,59.26,35,25,8,3,2,0,0,0,100
CompanyEnrich,148,Q*B E***t,q*b.c*m.eg,19,27,70.37,32,23,10,4,1,0,0,0,100
CompanyEnrich,149,T*N,tt********de.com,21,27,77.78,30,19,9,5,2,0,0,0,100
CompanyEnrich,150,W**Z,w**z.com,19,27,70.37,39,23,28,4,2,0,0,0,100
CompanyEnrich,151,V**I,v**i.com,21,27,77.78,42,22,28,5,2,0,0,0,100
CompanyEnrich,152,*钙*,u***i.com,10,27,37.04,18,17,0,0,1,0,0,0,100
CompanyEnrich,153,S***x F***s Re****al Ai***rt,sf*****rt.com,19,27,70.37,39,26,15,5,2,0,0,0,100
CompanyEnrich,154,O***o,o***o.com,22,27,81.48,48,24,6,5,2,5,0,0,100
CompanyEnrich,155,V* C**e,vc**fe.com,21,27,77.78,42,27,21,5,2,0,0,0,100
CompanyEnrich,156,R* W*b H**t B*,rk*******bd.com,15,27,55.56,24,27,0,1,2,0,0,0,100
CompanyEnrich,157,T**x C***t S***t,tm**********et.com,12,27,44.44,18,27,5,2,0,0,0,0,100
CompanyEnrich,158,R**n'* P*t Su****es,ry****et.com,19,27,70.37,39,21,7,3,2,0,0,0,100
CompanyEnrich,159,Ps*******ic Pa***ge,ps**************ge.com,20,27,74.07,39,25,10,5,2,0,0,0,100
CompanyEnrich,160,Se***ia,se***ia.com,21,27,77.78,43,27,19,5,2,0,0,0,100
CompanyEnrich,161,T*I,t*i.com,20,27,74.07,31,18,8,3,2,0,1,0,100
CompanyEnrich,162,G*s Tr********on Sy**em Op****or o* Uk***ne,t***a.com,18,27,66.67,38,21,10,3,2,0,0,0,100
CompanyEnrich,163,SL**FS,sl**fs.com,21,27,77.78,41,19,6,5,2,0,0,0,100
CompanyEnrich,164,S**7,sv****ow.com,18,27,66.67,26,5,10,4,1,0,0,0,100
CompanyEnrich,165,*. Po**er In*********al De**gn,tp*********gn.com,16,27,59.26,34,19,6,2,2,0,0,0,100
CompanyEnrich,166,Qu***ty G**d,q***d.com,20,27,74.07,42,21,10,4,2,0,0,0,100
CompanyEnrich,167,Ud********es,ud********es.com,17,27,62.96,36,25,17,3,2,0,0,0,100
CompanyEnrich,168,Va********en,va********en.com,20,27,74.07,40,24,19,5,2,0,0,0,100
CompanyEnrich,169,P* I**o,pd**fo.com,13,27,48.15,32,27,6,0,2,0,0,0,100
CompanyEnrich,170,vu**ue,vu**ue.com,13,27,48.15,21,20,0,2,2,0,0,0,100
CompanyEnrich,171,vF*****on,vf*****on.com,22,27,81.48,49,25,23,5,2,5,0,0,100
CompanyEnrich,172,T*e Re****ic,rp**lc.com,19,27,70.37,28,26,13,4,2,0,0,0,100
CompanyEnrich,173,Q***k Sh***le,qu******ch.com,15,27,55.56,35,13,16,1,2,0,0,0,100
CompanyEnrich,174,O***v,ou*******al.com,21,27,77.78,41,28,7,5,2,0,0,0,100
CompanyEnrich,175,T***s C***e N**s,t**n.com,15,27,55.56,35,5,6,1,2,0,0,0,100
CompanyEnrich,176,So*****pe,so*****pe.com,18,27,66.67,29,19,8,2,2,0,0,0,100
CompanyEnrich,177,U***n V*P P**s,ur********us.com,11,27,40.74,19,19,0,0,2,0,0,0,100
CompanyEnrich,178,Wi*****sh,wi*****sh.com,21,27,77.78,41,19,24,5,2,0,0,0,100
CompanyEnrich,179,Vo***ol,vo***ol.com,18,27,66.67,27,26,6,4,2,0,0,0,100
CompanyEnrich,180,*-S*m E**s,ry****************es.com,12,27,44.44,30,5,6,1,1,0,0,0,100
CompanyEnrich,181,t* be***tt,tp*****tt.com,20,27,74.07,40,24,13,4,2,0,0,0,100
CompanyEnrich,182,Un******ty P***s o* Co****do,up******do.com,18,27,66.67,38,24,11,3,2,0,0,0,100
CompanyEnrich,183,Uk*******ek,uk*******ek.com,18,27,66.67,29,27,17,3,1,0,0,0,100
CompanyEnrich,184,U***d C**n,uq*****in.com,13,27,48.15,17,20,8,3,0,0,0,0,100
CompanyEnrich,185,O***r H***s,ow******ks.com,18,27,66.67,38,15,10,4,2,0,0,0,100
CompanyEnrich,186,Vi******le,vi******le.com,20,27,74.07,40,23,20,4,2,0,0,0,100
CompanyEnrich,187,T***h St***us,tr********us.com,17,27,62.96,37,24,30,5,1,0,0,0,100
CompanyEnrich,188,St*****ic Sy***ms In*********al,ss********ns.com,21,27,77.78,33,25,19,5,2,0,0,0,100
CompanyEnrich,189,Qo***ak,qo***ak.com,20,27,74.07,40,25,18,5,2,0,0,0,100
CompanyEnrich,190,S*r i* En***sh,su********sh.com,18,27,66.67,29,25,24,4,2,0,0,0,100
CompanyEnrich,191,R***n B**n Ga**an Gr****ld,r**g.com,17,27,62.96,37,25,14,1,2,0,0,0,100
CompanyEnrich,192,P***A Te******gy,pk*****ch.com,21,27,77.78,38,24,11,4,2,3,0,0,100
CompanyEnrich,193,W**I,wp****po.com,21,27,77.78,41,28,23,5,2,0,0,0,100
CompanyEnrich,194,T*A Sy***ms,tm******ms.com,22,27,81.48,48,24,16,5,2,1,0,0,100
CompanyEnrich,195,Qe****li,qe****li.com,20,27,74.07,41,23,17,4,2,0,0,0,100
CompanyEnrich,196,V*N Ja**it,vp*****it.com,12,27,44.44,17,26,19,2,0,0,0,0,100
CompanyEnrich,197,U***A,u***a.com,14,27,51.85,32,20,6,2,2,0,0,0,100
CompanyEnrich,198,Qu***ty T**f,q***f.com,17,27,62.96,37,7,15,4,1,0,0,0,100
CompanyEnrich,199,Qw***ry,qw***ry.com,20,27,74.07,40,25,16,4,2,0,0,0,100
CompanyEnrich,200,P***e Ga**ng B**e,pu***********se.com,11,27,40.74,19,18,0,0,2,0,0,0,100
CompanyEnrich,201,R**m Go******ur,rh**********ur.com,14,27,51.85,22,26,0,3,2,0,0,0,100
CompanyEnrich,202,RV******ss,rv******ss.com,18,27,66.67,38,26,16,3,2,0,0,0,100
CompanyEnrich,203,V***a,v***a.com,23,27,85.19,40,22,19,6,2,3,0,0,100
CompanyEnrich,204,R**e B**k Ce**ar,ra**********ar.com,18,27,66.67,37,24,12,4,2,0,0,0,100
CompanyEnrich,205,Pe***ck,pe*****tv.com,20,27,74.07,36,17,12,5,2,0,0,0,100
CompanyEnrich,206,Rh**ed,rh**ed.com,18,27,66.67,38,21,20,4,2,0,0,0,100
CompanyEnrich,207,V***r,v***r.com,21,27,77.78,38,14,14,4,2,3,0,0,100
CompanyEnrich,208,Ro**rt * Ma**ne,rw******md.com,17,27,62.96,36,24,10,2,2,0,0,0,100
CompanyEnrich,209,Ze***ck L**s,ze*******bs.io,20,27,74.07,44,26,6,3,2,2,0,0,100
CompanyEnrich,210,Sb***ez,sb***ez.com,12,27,44.44,16,19,5,2,0,0,0,0,100
CompanyEnrich,211,R***t Ch**ce Re****ry,ri*****************nj.com,19,27,70.37,38,15,6,4,2,0,0,0,100
CompanyEnrich,212,Wf*****an,wf*****an.com,23,27,85.19,46,22,17,6,2,2,0,0,100
CompanyEnrich,213,Tu*****nk,tu*****nk.com,11,27,40.74,15,30,0,2,0,0,0,0,100
CompanyEnrich,214,Za***ah,za***ah.com,20,27,74.07,32,27,20,4,2,0,0,0,100
CompanyEnrich,215,W**n M***u,wy************ed.com,13,27,48.15,25,0,5,1,2,2,0,0,0
CompanyEnrich,216,Y***t Ha**ns,ya*******ns.com,20,27,74.07,40,21,18,4,2,0,0,0,100
CompanyEnrich,217,Zw****en,zw****en.com,19,27,70.37,39,24,16,3,2,0,0,0,100
CompanyEnrich,218,X***n,x***n.com,19,27,70.37,33,23,18,4,2,0,0,0,100
CompanyEnrich,219,Yu***ng,yu***ng.com,22,27,81.48,46,20,14,5,2,1,0,0,100
CompanyEnrich,220,Y*s& Ag**cy,ye********cy.com,20,27,74.07,40,22,19,4,2,0,0,0,100
CompanyEnrich,221,Zi*****rt,zi*****rt.com,20,27,74.07,42,23,21,4,2,0,0,0,100
CompanyEnrich,222,YP**se,yp**se.com,19,27,70.37,36,27,19,3,2,0,0,0,100
CompanyEnrich,223,Yo****ma R***l P**k H***l,y**h.com,16,27,59.26,34,20,0,4,2,0,0,0,100
CompanyEnrich,224,Y*I Cl*****om,ym********om.com,18,27,66.67,38,24,18,3,2,0,0,0,100
CompanyEnrich,225,Zi****ah,zi****ah.com,17,27,62.96,33,11,12,3,2,0,0,0,100
CompanyEnrich,226,Wo***rd,wo***rd.com,21,27,77.78,41,25,14,5,2,0,0,0,100
CompanyEnrich,227,M**r,m**r.com,19,27,70.37,38,22,7,4,1,0,0,0,100
CompanyEnrich,228,X***i,x***i.com,22,27,81.48,45,26,14,5,2,1,0,0,100
CompanyEnrich,229,W* Ad****fy,wp******fy.com,17,27,62.96,25,27,9,4,1,0,0,0,100
CompanyEnrich,230,gu*****ng hu****ng lo****ng l*w f**m,z***s.com,11,27,40.74,19,24,0,0,2,0,0,0,100
CompanyEnrich,231,Wo******el,wo*****************or.com,15,27,55.56,33,26,0,2,2,0,0,0,100
CompanyEnrich,232,Y**I K*M,yu***im.com,20,27,74.07,40,24,30,4,2,0,0,0,100
CompanyEnrich,233,W* Be***es,wp*****es.com,15,27,55.56,34,25,20,4,1,0,0,0,100
CompanyEnrich,234,Y*k T**k,ya***ck.com,13,27,48.15,32,19,6,1,1,0,0,0,100
CompanyEnrich,235,S***e a*d M**h,su********sh.com,15,27,55.56,28,14,7,3,1,0,0,0,100
CompanyEnrich,236,北京*****集团,x**q.com,16,27,59.26,26,16,4,1,2,0,0,0,100
ContactOut,1,上海********公司,ct**sk.com,8,27,29.63,13,0,0,1,1,0,0,0,96
ContactOut,2,N*W Y**K L**E,gs***ic.com,10,27,37.04,14,0,0,1,1,0,0,0,100
ContactOut,3,Aq**nt,aq**nt.com,13,27,48.15,22,21,0,1,1,1,0,10,100
ContactOut,4,Fu****ne Mu***al Pr****ts,fu****ne.com,8,27,29.63,13,0,0,1,1,0,0,1,0
ContactOut,5,Co******al B**k o* Ca******ia,c***l.com,13,27,48.15,17,6,0,1,1,0,0,7,100
ContactOut,6,FV***nk,fv***nk.com,13,27,48.15,17,5,0,1,1,0,0,8,100
ContactOut,7,DM**GE,dm**ge.com,13,27,48.15,17,10,0,1,1,0,0,1,100
ContactOut,8,Be*****ur In*******ve,b**r.com,14,27,51.85,21,2,0,1,1,1,0,4,100
ContactOut,9,C*B Ap***ed Te********es,cj******************es.com,13,27,48.15,17,12,0,1,1,0,0,1,100
ContactOut,10,C*m De*******nt,ca**********nt.com,8,27,29.63,13,0,0,1,1,0,0,1,0
ContactOut,11,福州****学院,f**u.com,9,27,33.33,14,0,0,1,1,0,0,1,41
ContactOut,12,A**Y,a**y.com,13,27,48.15,17,8,0,1,1,0,0,1,100
ContactOut,13,Di********ty Li***ed,di********ty.com,5,27,18.52,10,0,0,1,0,0,0,0,0
ContactOut,14,Gr********ak,gf****ak.com,10,27,37.04,13,7,0,1,0,0,0,0,100
ContactOut,15,Co***ge o* Ma***ge Th******ts o* On***io,c**o.com,11,27,40.74,16,0,0,1,1,0,0,1,100
ContactOut,16,CE***OL (P*T) L*D,ce***ol.com,12,27,44.44,16,0,0,1,1,0,0,1,100
ContactOut,17,Ca**kr,ca**kr.com,13,27,48.15,17,25,0,1,1,0,0,1,100
ContactOut,18,A***s Pr*********ls,at*********ve.com,13,27,48.15,17,9,0,1,1,0,0,10,100
ContactOut,19,F* W**k,fx**ek.com,11,27,40.74,14,0,0,1,1,0,0,0,100
ContactOut,20,C***s-Wa*****al Ch***er o* Co****ce,cw*****er.com,12,27,44.44,16,0,0,1,1,0,0,1,100
ContactOut,21,D**p,ed********al.com,7,27,25.93,10,0,0,1,0,0,0,0,0
ContactOut,22,Fa*****ch St***os,fa************os.com,12,27,44.44,16,0,0,1,1,0,0,1,100
ContactOut,23,En*****ax P*y L*d,en*****ax.com,13,27,48.15,17,5,0,1,1,0,0,2,100
ContactOut,24,Gl**al Co******on I***x Tr***ng L*C - A*u D***i Br**ch,gc***ae.com,9,27,33.33,14,0,0,1,1,0,0,1,100
ContactOut,25,Fy*****ks L*D,fy*****ks.com,13,27,48.15,17,6,0,1,1,0,0,1,100
ContactOut,26,Fa**us To****ry,fa**********ry.com,13,27,48.15,17,5,0,1,1,0,0,1,100
ContactOut,27,Eu****ne,fe************ne.com,13,27,48.15,17,2,0,1,1,0,0,1,100
ContactOut,28,A*R,a*r.com,13,27,48.15,20,0,0,1,1,1,0,4,100
ContactOut,29,B*I Tr*****nt Ce***rs,bn********nt.com,12,27,44.44,17,19,0,1,1,0,0,1,100
ContactOut,30,Do*****er Ho********ip,do*****************ip.com,12,27,44.44,14,4,0,1,0,0,0,0,100
ContactOut,31,BS**ON,bs**on.com,12,27,44.44,17,10,0,1,1,0,0,1,100
ContactOut,32,DS*****NG,ds*****ng.com,12,27,44.44,17,5,0,1,1,0,0,1,100
ContactOut,33,D**a B**r,da****ar.com,13,27,48.15,17,21,0,1,1,0,0,1,100
ContactOut,34,aq*****om,a*l.com,13,27,48.15,17,5,0,1,1,0,0,1,100
ContactOut,35,A**i Ne**on / Vo******en o* Ne**on,au***sa.com,7,27,25.93,10,0,0,1,0,0,0,0,0
ContactOut,36,E*T Co*******on,e*t.com,14,27,51.85,22,5,0,1,1,1,0,1,100
ContactOut,37,B* Co*****cs,bh*******cs.com,13,27,48.15,17,4,0,1,1,0,0,1,100
ContactOut,38,Ec*****em Ma*******ce,ec****************ce.com,13,27,48.15,17,15,0,1,1,0,0,2,100
ContactOut,39,Ve***on M***a G***p,ew**ws.com,7,27,25.93,10,0,0,1,0,0,0,0,0
ContactOut,40,Am****an Na****al B**k o* T***s,a***x.com,14,27,51.85,22,13,0,1,1,1,0,1,100
ContactOut,41,"Sh****en J***i di***ay pr****ts C*., L*d.",f*w.com,13,27,48.15,17,12,0,1,1,0,0,1,47
ContactOut,42,D*n T*i F**g N***h Am***ca,d*f.com,12,27,44.44,16,0,0,1,1,0,0,10,100
ContactOut,43,"E* P***o L**o, I*c.",el*******co.com,14,27,51.85,22,5,0,1,1,1,0,1,100
ContactOut,44,A***a G***d P**x o* L**g B***h,g**b.com,12,27,44.44,16,0,0,1,1,0,0,1,100
ContactOut,45,Le**cy G*S Tr***it,gp******it.com,14,27,51.85,22,8,0,1,1,1,0,2,98
ContactOut,46,Fo******on Fi*****al G***p,f*g.com,13,27,48.15,17,6,0,1,1,0,0,4,100
ContactOut,47,A*M W*b Ho***ng,ag*********ng.com,13,27,48.15,17,5,0,1,1,0,0,1,100
ContactOut,48,Gy****rk,gy****rk.com,13,27,48.15,21,0,0,1,1,1,0,2,100
ContactOut,49,B***L,b***l.com,13,27,48.15,17,11,0,1,1,0,0,1,100
ContactOut,50,"C***r L**e A**a Ch***er o* Co****ce - C***r L**e, I**a",cl*********wa.com,12,27,44.44,16,0,0,1,1,0,0,1,100
ContactOut,51,Am****an Fr***ht Fu*****re & Ma****ss,am***********ht.com,13,27,48.15,17,13,0,1,1,0,0,1,100
ContactOut,52,B*Q B**s,bb******ys.com,8,27,29.63,13,0,0,1,1,0,0,1,0
ContactOut,53,De**xe Di********on,d***f.com,12,27,44.44,17,1,0,1,1,0,0,1,100
ContactOut,54,Il***al P**e'*,il********es.com,13,27,48.15,17,5,0,1,1,0,0,2,100
ContactOut,55,Hv*****ik H*t Sp***gs & Na**re Re**rt,hv*****ik.com,11,27,40.74,16,9,0,1,1,0,0,1,100
ContactOut,56,深***北,h***c.com,8,27,29.63,13,0,0,1,1,0,0,1,38
ContactOut,57,Iz*******zo B***o,iz*******zo.com,13,27,48.15,17,3,0,1,1,0,0,1,100
ContactOut,58,北京********公司,hl**et.com,7,27,25.93,13,0,0,1,1,0,0,1,0
ContactOut,59,N*X,n*x.com,12,27,44.44,16,0,0,1,1,0,0,1,100
ContactOut,60,*.*. Pe**er,jw****er.com,12,27,44.44,16,0,0,1,1,0,0,1,100
ContactOut,61,Cr**it U***n o* De**er,cu****er.com,13,27,48.15,17,7,0,1,1,0,0,2,100
ContactOut,62,Gl**al Co****ic In****ry,gc*******ne.com,12,27,44.44,17,7,0,1,1,0,0,1,100
ContactOut,63,Ba**rs & Ro****rs,ba*************rs.com,13,27,48.15,17,5,0,1,1,0,0,3,100
ContactOut,64,My*******it H* so****re,my*******it.com,13,27,48.15,17,17,0,1,1,0,0,1,100
ContactOut,65,Ki***en & B**h Au*****ty,kb*******ty.com,9,27,33.33,13,0,0,1,1,0,0,1,100
ContactOut,66,i***a Re****ch,id*********ch.com,12,27,44.44,17,6,0,1,1,0,0,1,100
ContactOut,67,K**E,k**e.com,9,27,33.33,15,0,0,1,1,0,0,1,100
ContactOut,68,J**k F***t B*g Bo***er R**l E*,j**b.com,9,27,33.33,14,0,0,1,1,0,0,2,0
ContactOut,69,In*********al Co**********ce C***s Fe******on,i**f.com,11,27,40.74,14,0,0,1,1,0,0,0,100
ContactOut,70,H* G***p - IB****EM,ib****em.com,10,27,37.04,13,5,0,1,0,0,0,0,100
ContactOut,71,N**W,n**w.com,13,27,48.15,17,18,0,1,1,0,0,1,100
ContactOut,72,*'H***o d* S*-Ma***ce,lh*************ce.com,11,27,40.74,16,14,0,1,1,0,0,1,100
ContactOut,73,Ne***rk In*******ns,ne**************ns.com,13,27,48.15,16,27,0,1,1,0,0,9,100
ContactOut,74,M***i-He**th Sy***ms I*c. (M*S),m*s.com,13,27,48.15,17,22,0,1,1,0,0,1,100
ContactOut,75,In*********al Wo*******ng F**r L*C,iw******ta.com,11,27,40.74,16,0,0,1,1,0,0,1,100
ContactOut,76,Nu*********al Bu****ss Re**ew,hp*****ia.com,10,27,37.04,16,7,0,1,1,0,0,1,100
ContactOut,77,K*S A*,k*s.com,13,27,48.15,17,25,0,1,1,0,0,10,100
ContactOut,78,Ku**ta En**ne Am***ca,ku********ne.com,13,27,48.15,17,6,0,1,1,0,0,1,100
ContactOut,79,A***w,n***w.com,11,27,40.74,16,0,0,1,1,0,0,1,100
ContactOut,80,Ce**re f*r Ma******nt Te******gy,cm*****ts.com,13,27,48.15,17,18,0,1,1,0,0,2,70
ContactOut,81,A**A,a**a.com,13,27,48.15,17,5,0,1,1,0,0,1,100
ContactOut,82,K***o,k***o.com,13,27,48.15,22,13,0,1,1,1,0,4,100
ContactOut,83,Mx****ia,mx****ia.com,13,27,48.15,17,4,0,1,1,0,0,3,100
ContactOut,84,Ky**ra In*********al,ky***************al.com,13,27,48.15,21,0,0,1,1,1,0,10,100
ContactOut,85,j* in******nt g***p,jk*************up.com,8,27,29.63,13,0,0,1,1,0,0,1,0
ContactOut,86,L**d Gu**an & L***s,ml***co.com,12,27,44.44,14,1,0,1,0,0,0,0,100
ContactOut,87,J**O Dy****cs,j**o.com,13,27,48.15,17,15,0,1,1,0,0,2,100
ContactOut,88,Lu*****ub,lu*****ub.com,13,27,48.15,21,0,0,1,1,1,0,1,100
ContactOut,89,Ja********le Tr**********on Au*****ty,jt**la.com,13,27,48.15,17,7,0,1,1,0,0,1,100
ContactOut,90,i*S,i*s.com,13,27,48.15,17,2,0,1,1,0,0,1,100
ContactOut,91,L*D Ed*****al,li********al.com,13,27,48.15,17,18,0,1,1,0,0,2,100
ContactOut,92,Na****al Re****ch G***p,n***r.com,11,27,40.74,16,0,0,1,1,0,0,1,100
ContactOut,93,M**E H**H C**B,mi********ub.com,7,27,25.93,12,0,0,1,1,0,0,1,0
ContactOut,94,K* Bl**ds,kd****ds.com,8,27,29.63,13,0,0,1,1,0,0,1,100
ContactOut,95,I*G Ca***al,id******al.com,13,27,48.15,17,5,0,1,1,0,0,10,100
ContactOut,96,U***a G**H,u***a.com,6,27,22.22,11,0,0,1,1,0,0,1,0
ContactOut,97,RT******er,rt******er.com,8,27,29.63,12,0,0,1,0,0,0,0,100
ContactOut,98,vF*****on,vf*****on.com,14,27,51.85,21,21,0,1,1,1,0,1,100
ContactOut,99,Un******ty P***s o* Co****do,up******do.com,10,27,37.04,14,0,0,1,1,0,0,1,100
ContactOut,100,Jo***ey Ma****ne,jm******ne.com,7,27,25.93,11,0,0,1,0,0,0,0,0
ContactOut,101,*-S*m E**s F**d T***k,ry****************es.com,7,27,25.93,13,0,0,1,1,0,0,1,100
ContactOut,102,Va********en,va********en.com,13,27,48.15,17,14,0,1,1,0,0,10,84
ContactOut,103,O* Le**en,oh****en.com,13,27,48.15,17,11,0,1,1,0,0,3,100
ContactOut,104,S*r i* En***sh,su********sh.com,11,27,40.74,16,0,0,1,1,0,0,2,100
ContactOut,105,SV****OW,sv****ow.com,11,27,40.74,13,0,0,1,0,0,0,0,100
ContactOut,106,S***x F***s Re****al Ai***rt Au*****ty,sf*****rt.com,9,27,33.33,14,0,0,1,1,0,0,2,0
ContactOut,107,Se***ia,se***ia.com,13,27,48.15,17,9,0,1,1,0,0,6,100
ContactOut,108,*&* Co*****ty,mn********ty.com,12,27,44.44,16,0,0,1,1,0,0,1,100
ContactOut,109,Ol**eo G***l,ol*******ll.com,7,27,25.93,13,0,0,1,1,0,0,1,0
ContactOut,110,V* Ma*****ls M**t,vj***********rt.com,9,27,33.33,15,0,0,1,1,0,0,1,100
ContactOut,111,F**d H**p N*,fi******ni.com,9,27,33.33,14,0,0,1,1,0,0,1,100
ContactOut,112,Qo***ak,qo***ak.com,13,27,48.15,17,10,0,1,1,0,0,3,100
ContactOut,113,St*****ic Sy***ms In*********al,ss********ns.com,13,27,48.15,17,8,0,1,1,0,0,5,100
ContactOut,114,N*D,n*d.com,12,27,44.44,17,4,0,1,1,0,0,1,100
ContactOut,115,*. Po**er In*********al De**gn,tp*********gn.com,7,27,25.93,11,0,0,1,0,0,0,0,0
ContactOut,116,Vo***ol,vo***ol.com,8,27,29.63,14,0,0,1,1,0,0,1,100
ContactOut,117,iw*******me.com,iw*******me.com,13,27,48.15,17,4,0,1,1,0,0,1,100
ContactOut,118,Vi******le,vi******le.com,13,27,48.15,17,5,0,1,1,0,0,1,100
ContactOut,119,R***t Ch**ce Re****ry,ri*****************nj.com,10,27,37.04,15,0,0,1,1,0,0,1,100
ContactOut,120,Qw***ry,qw***ry.com,12,27,44.44,16,0,0,1,1,0,0,1,100
ContactOut,121,V* C**e,vc**fe.com,12,27,44.44,17,7,0,1,1,0,0,1,100
ContactOut,122,N* G**d Co*******on,nv******rp.com,14,27,51.85,22,3,0,1,1,1,0,1,100
ContactOut,123,* * *,q*s.com,9,27,33.33,14,0,0,1,1,0,0,1,100
ContactOut,124,P***A Te******gy,pk*****ch.com,13,27,48.15,21,7,0,1,1,1,0,1,100
ContactOut,125,Pe***ck,pe*****tv.com,12,27,44.44,17,9,0,1,1,0,0,4,100
ContactOut,126,j**s,ok********es.com,6,27,22.22,10,0,0,1,0,0,0,0,0
ContactOut,127,G*s T*O o* Uk***ne,t***a.com,12,27,44.44,16,0,0,1,1,0,0,1,100
ContactOut,128,T*e No*****st Se***rt Al****ce,nw*************ce.com,12,27,44.44,16,0,0,1,1,0,0,3,100
ContactOut,129,Re***ne,rz******re.com,13,27,48.15,17,20,0,1,1,0,0,3,100
ContactOut,130,*'G**a C***h,og******ch.com,13,27,48.15,17,3,0,1,1,0,0,3,100
ContactOut,131,Ud********es.com,ud********es.com,11,27,40.74,14,0,0,1,1,0,0,0,100
ContactOut,132,O***R AM****AN CO*******ON,ow******ks.com,9,27,33.33,12,0,0,1,1,0,0,1,100
ContactOut,133,Q***k C***h,qu******ch.com,8,27,29.63,13,0,0,1,1,0,0,1,0
ContactOut,134,O***o,o***o.com,12,27,44.44,21,0,0,1,1,1,0,5,100
ContactOut,135,Qu***ty G**d,q***d.com,10,27,37.04,13,0,0,1,0,0,0,0,100
ContactOut,136,*Є Бугаевский *.*.,uk*******ek.com,13,27,48.15,17,1,0,1,1,0,0,1,35
ContactOut,137,R* W*b H**t B*,rk*******bd.com,10,27,37.04,15,0,0,1,1,0,0,1,100
ContactOut,138,T*A Sy***ms,tm******ms.com,14,27,51.85,22,9,0,1,1,1,0,1,100
ContactOut,139,Rh**ed Ce**re,rh**ed.com,8,27,29.63,13,0,0,1,1,0,0,1,75
ContactOut,140,U**i Fu*****re,uc*****se.com,9,27,33.33,14,0,0,1,1,0,0,1,100
ContactOut,141,Qe****li,qe****li.com,13,27,48.15,17,15,0,1,1,0,0,3,100
ContactOut,142,Ps*******ic Pa***ge,ps**************ge.com,13,27,48.15,17,6,0,1,1,0,0,6,100
ContactOut,143,Ne**da S***e De******ic P***y,nv**ms.com,9,27,33.33,14,0,0,1,1,0,0,1,0
ContactOut,144,"T*I, I*c.",t*i.com,13,27,48.15,17,7,0,1,1,0,0,4,100
ContactOut,145,R**n'* P*t Su****es,ry****et.com,11,27,40.74,14,4,0,1,0,0,0,0,100
ContactOut,146,RV******ss,rv******ss.com,11,27,40.74,16,0,0,1,1,0,0,1,100
ContactOut,147,Qu***um F***t Au******on I*c,qf********on.com,13,27,48.15,17,11,0,1,1,0,0,1,100
ContactOut,148,QU***TY T**F I*C,q***f.com,10,27,37.04,15,0,0,1,1,0,0,1,100
ContactOut,149,开立医疗 So*****pe,so*****pe.com,13,27,48.15,17,3,0,1,1,0,0,1,100
ContactOut,150,So****ce So****on,so************on.com,13,27,48.15,17,11,0,1,1,0,0,1,100
ContactOut,151,Ra****el o* Sw**en,ra************en.com,13,27,48.15,17,3,0,1,1,0,0,2,100
ContactOut,152,R***n B**n Ga**an & Gr****ld L*P,r**g.com,12,27,44.44,16,0,0,1,1,0,0,1,100
ContactOut,153,t* be***tt,tp*****tt.com,13,27,48.15,17,11,0,1,1,0,0,6,100
ContactOut,154,O*l & G*s I*,oi*******iq.com,13,27,48.15,17,24,0,1,1,0,0,4,100
ContactOut,155,N*w Y**k Vi*****me Cr***cs Ci**le,ny*********cs.com,11,27,40.74,16,6,0,1,1,0,0,1,100
ContactOut,156,P*N,pd*****ne.com,13,27,48.15,17,5,0,1,1,0,0,2,100
ContactOut,157,F**E *-M**L,o***o.com,11,27,40.74,16,0,0,1,1,0,0,1,11
ContactOut,158,T*e Re****ic,rp**lc.com,13,27,48.15,17,8,0,1,1,0,0,1,100
ContactOut,159,Ta********on,ta********on.com,12,27,44.44,17,13,0,1,1,0,0,1,100
ContactOut,160,SL**FS,sl**fs.com,12,27,44.44,16,0,0,1,1,0,0,1,100
ContactOut,161,Zw****en,zw****en.com,13,27,48.15,17,19,0,1,1,0,0,4,100
ContactOut,162,W**l St**et In*********al,ws**ag.com,13,27,48.15,17,7,0,1,1,0,0,1,100
ContactOut,163,Wi*****sh,wi*****sh.com,13,27,48.15,17,12,0,1,1,0,0,1,100
ContactOut,164,V***a,v***a.com,14,27,51.85,22,12,0,1,1,1,0,1,100
ContactOut,165,Y*s& Ag**cy,ye********cy.com,13,27,48.15,17,17,0,1,1,0,0,1,100
ContactOut,166,Wi******on Co**ty Eq*****nt C*.,wm*****ip.com,12,27,44.44,16,14,0,1,1,0,0,3,100
ContactOut,167,W* Ad****fy,wp******fy.com,7,27,25.93,11,0,0,1,0,0,0,0,0
ContactOut,168,Zi****ah F***s,zi****ah.com,9,27,33.33,14,0,0,1,1,0,0,1,100
ContactOut,169,Wo******el,wo*****************or.com,12,27,44.44,17,26,0,1,1,0,0,9,100
ContactOut,170,Za***ah,za***ah.com,12,27,44.44,16,0,0,1,1,0,0,2,100
ContactOut,171,Zi*****rt,zi*****rt.com,13,27,48.15,17,6,0,1,1,0,0,1,100
ContactOut,172,X***n,x***n.com,13,27,48.15,17,20,0,1,1,0,0,1,100
ContactOut,173,（株）横浜ロイヤルパークホテル,y**h.com,8,27,29.63,13,0,0,1,1,0,0,1,0
ContactOut,174,YP**se,yp**se.com,13,27,48.15,17,26,0,1,1,0,0,1,100
ContactOut,175,T**S Cl****ng Co***ny L*d,wf*****an.com,13,27,48.15,21,0,0,1,1,1,0,1,100
ContactOut,176,Wo***rd,wo***rd.com,13,27,48.15,17,5,0,1,1,0,0,1,100
ContactOut,177,Y***t Ha**ns G***p L*d,ya*******ns.com,13,27,48.15,17,5,0,1,1,0,0,10,100
ContactOut,178,X***i I*c.,x***i.com,12,27,44.44,17,16,0,1,1,0,0,10,100
ContactOut,179,W* Be***es,wp*****es.com,4,27,14.81,12,0,0,1,1,0,0,1,0
ContactOut,180,Yu***ng.com,yu***ng.com,13,27,48.15,17,10,0,1,1,0,0,1,100
ContactOut,181,V**I,v**i.com,12,27,44.44,16,0,0,1,1,0,0,1,100
ContactOut,182,V***r,v***r.com,13,27,48.15,17,7,0,1,1,0,0,2,100
ContactOut,183,W**Z N*C ** a*d T*e C* G*-B**A,w**z.com,13,27,48.15,17,8,0,1,1,0,0,1,100
ContactOut,184,Ze******ve,zs***ic.com,13,27,48.15,17,4,0,1,1,0,0,3,100
ContactOut,185,Y**i K*m,yu***im.com,12,27,44.44,16,0,0,1,1,0,0,3,100
Coresignal,1,Fo******on Fi*****al G***p,https://f*g.com,15,27,55.56,48,11,9,1,1,0,0,4,100
Coresignal,2,B*Q B**s,https://bb******ys.com,11,27,40.74,40,5,0,1,1,0,0,1,100
Coresignal,3,C*m De*******nt,https://ca**********nt.com,11,27,40.74,41,5,0,1,1,0,0,1,100
Coresignal,4,Di********ty Li***ed,http://di********ty.com,5,27,18.52,16,0,0,1,0,0,0,0,0
Coresignal,5,D**p,https://ed********al.com,11,27,40.74,35,5,3,1,1,0,0,0,100
Coresignal,6,C***s-Wa*****al Ch***er o* Co****ce,https://cw*****er.com,16,27,59.26,50,5,0,1,3,0,0,1,100
Coresignal,7,A**i Ne**on / Vo******en o* Ne**on,http://au***sa.com,9,27,33.33,35,5,0,1,1,0,0,0,0
Coresignal,8,A**A,https://a**a.com,16,27,59.26,52,10,0,1,3,0,0,1,100
Coresignal,9,Ge*****ds,https://ge*****ds.com,11,27,40.74,41,5,0,1,1,0,0,1,100
Coresignal,10,Fu**ou Co***ge o* Fo***gn St***es a*d T***e,http://f**u.com,11,27,40.74,31,5,0,1,2,0,0,0,100
Coresignal,11,Do*****er Ho********ip,https://do*****************ip.com,13,27,48.15,42,9,0,1,1,0,0,0,100
Coresignal,12,Fa*****ch St***os,http://fa************os.com,5,27,18.52,23,0,0,1,1,0,0,1,0
Coresignal,13,"Sh****en J***i di***ay pr****ts C*., L*d.",https://f*w.com,13,27,48.15,56,12,0,1,1,0,0,1,47
Coresignal,14,"C***r L**e A**a Ch***er o* Co****ce - C***r L**e, I**a",https://cl*********wa.com,16,27,59.26,60,5,0,1,3,0,0,1,100
Coresignal,15,上海********公司,http://ct**sk.com,7,27,25.93,25,0,0,1,1,0,0,1,0
Coresignal,16,B*I Tr*****nt Ce***rs,https://bn********nt.com,15,27,55.56,59,24,3,1,2,0,0,1,100
Coresignal,17,Ca**kr,https://ca**kr.com,14,27,51.85,55,30,0,1,1,0,0,1,100
Coresignal,18,"E* P***o L**o, I*c.",https://el*******co.com,17,27,62.96,64,10,104,2,1,1,0,1,100
Coresignal,19,Cr**it U***n o* De**er,https://cu****er.com,16,27,59.26,63,12,13,1,2,0,0,2,100
Coresignal,20,Gl**al Co******on I***x Tr***ng L*C - A*u D***i Br**ch,https://gc***ae.com,12,27,44.44,47,5,3,1,2,0,0,1,100
Coresignal,21,CE***OL (P*T) L*D,https://ce***ol.com,16,27,59.26,47,5,2,1,2,0,0,1,100
Coresignal,22,Am****an Fr***ht Fu*****re & Ma****ss,https://am***********ht.com,14,27,51.85,63,18,102,1,1,0,0,1,100
Coresignal,23,DS*****NG,https://ds*****ng.com,15,27,55.56,62,10,2,1,2,0,0,1,100
Coresignal,24,A*R,https://a*r.com,15,27,55.56,53,5,1,1,1,0,0,4,100
Coresignal,25,Gr********ak,http://gf****ak.com,13,27,48.15,40,12,0,1,1,0,0,0,100
Coresignal,26,Co***on Fa**ly I*e A***a,https://fi*********sh.com,14,27,51.85,48,5,4,1,3,0,0,1,100
Coresignal,27,Eu****ne,http://fe************ne.com,13,27,48.15,48,6,0,1,1,0,0,1,100
Coresignal,28,Gl**al Co****ic In****ry,http://gc*******ne.com,14,27,51.85,47,12,4,1,1,0,0,1,100
Coresignal,29,A*M W*b Ho***ng,https://ag*********ng.com,16,27,59.26,59,10,1,1,2,0,0,1,100
Coresignal,30,Co***ge o* Ma***ge Th******ts o* On***io,http://c**o.com,15,27,55.56,58,5,22,1,2,0,0,1,100
Coresignal,31,A**Y,https://a**y.com,15,27,55.56,62,13,46,1,1,0,0,1,100
Coresignal,32,D**a B**r,https://da****ar.com,17,27,62.96,61,26,9,1,3,0,0,1,100
Coresignal,33,Fa**us To****ry,https://fa**********ry.com,15,27,55.56,57,10,9,1,1,0,0,1,100
Coresignal,34,E*T Co*******on,https://e*t.com,16,27,59.26,59,7,126,2,1,1,0,1,100
Coresignal,35,A***s Pr*********ls,https://at*********ve.com,15,27,55.56,59,14,139,1,1,0,0,25,100
Coresignal,36,Co******al B**k o* Ca******ia,https://c***l.com,16,27,59.26,59,11,68,1,2,0,0,7,100
Coresignal,37,F**E *-M**L,https://o***o.com,11,27,40.74,25,5,0,1,0,0,0,0,100
Coresignal,38,Be*****ur In*******ve,https://b**r.com,15,27,55.56,59,6,158,1,1,0,0,4,100
Coresignal,39,B***L,https://b***l.com,15,27,55.56,58,16,50,1,1,0,0,1,100
Coresignal,40,L*L Co********on L*C,http://lj****st.com,10,27,37.04,39,5,0,1,2,0,0,1,100
Coresignal,41,D*n T*i F**g N***h Am***ca,http://d*f.com,15,27,55.56,59,5,67,1,1,0,0,16,100
Coresignal,42,Lu*****ub,https://lu*****ub.com,14,27,51.85,39,0,1,2,1,1,0,1,100
Coresignal,43,"EM****AS R***O ST****NS, I*C",https://k**e.com,11,27,40.74,43,5,0,1,1,0,0,1,80
Coresignal,44,j* in******nt g***p,https://jk*************up.com,13,27,48.15,38,5,0,1,3,0,0,1,100
Coresignal,45,F**d H**p N*,https://fi******ni.com,16,27,59.26,56,5,1,1,2,0,0,1,100
Coresignal,46,FV***nk,https://fv***nk.com,16,27,59.26,56,10,31,1,2,0,0,8,100
Coresignal,47,Ce**re f*r Ma******nt Te******gy,https://cm*****ts.com,17,27,62.96,64,23,7,1,3,0,0,1,100
Coresignal,48,BS**ON,https://bs**on.com,15,27,55.56,56,15,0,1,3,0,0,1,100
Coresignal,49,Am****an Na****al B**k o* T***s,https://a***x.com,17,27,62.96,63,18,44,2,1,1,0,1,100
Coresignal,50,Le**cy G*S Tr***it,http://gp******it.com,15,27,55.56,63,13,53,1,1,0,0,2,100
Coresignal,51,Hv*****ik H*t Sp***gs & Na**re Re**rt,https://hv*****ik.com,14,27,51.85,57,14,0,1,1,0,0,1,100
Coresignal,52,Ba**rs & Ro****rs,https://ba*************rs.com,16,27,59.26,54,10,2,1,2,0,0,3,100
Coresignal,53,Ec*****em Ma*******ce,https://ec****************ce.com,14,27,51.85,44,20,0,1,1,0,0,1,100
Coresignal,54,K* Bl**ds,http://kd****ds.com,11,27,40.74,37,5,0,1,2,0,0,1,100
Coresignal,55,M**E H**H C**B,https://mi********ub.com,7,27,25.93,35,0,0,1,1,0,0,1,0
Coresignal,56,C*B Ap***ed Te********es,https://cj******************es.com,16,27,59.26,60,17,1,1,2,0,0,1,100
Coresignal,57,Ne**da S***e De******ic P***y,https://nv**ms.com,14,27,51.85,46,5,6,1,2,0,0,1,74
Coresignal,58,LI*****LD C**Y FO****LL C**B LI***ED,https://od******er.com,11,27,40.74,39,5,0,1,1,0,0,1,100
Coresignal,59,Iz*******zo B***o,http://iz*******zo.com,13,27,48.15,54,8,0,1,1,0,0,1,100
Coresignal,60,N*D,https://n*d.com,16,27,59.26,62,9,30,1,3,0,0,1,100
Coresignal,61,K***o,https://k***o.com,17,27,62.96,72,18,57,2,1,1,0,4,100
Coresignal,62,De**xe Di********on,https://d***f.com,14,27,51.85,55,6,6,1,1,0,0,1,100
Coresignal,63,I*G Ca***al,http://id******al.com,14,27,51.85,53,10,11,1,1,0,0,11,100
Coresignal,64,Aq**nt,https://aq**nt.com,18,27,66.67,74,26,1040,2,3,1,0,25,100
Coresignal,65,O* Le**en,https://oh****en.com,17,27,62.96,59,16,7,1,3,0,0,3,100
Coresignal,66,i***a Re****ch,https://id*********ch.com,16,27,59.26,58,11,46,1,3,0,0,1,100
Coresignal,67,N**W,https://n**w.com,14,27,51.85,51,23,0,1,1,0,0,1,100
Coresignal,68,Jo***al o* Pi******ng Me***al Sc****es,https://jp******ne.com,12,27,44.44,42,6,0,1,1,0,0,0,100
Coresignal,69,In*********al Wo*******ng F**r L*C,https://iw******ta.com,14,27,51.85,56,5,0,1,2,0,0,1,100
Coresignal,70,iw*******me.com,http://iw*******me.com,13,27,48.15,43,9,0,1,1,0,0,1,100
Coresignal,71,N* G**d Co*******on,https://nv******rp.com,18,27,66.67,63,8,0,2,3,1,0,1,100
Coresignal,72,Il***al P**e'*,https://il********es.com,15,27,55.56,56,12,8,1,1,0,0,2,100
Coresignal,73,Ji****ft,https://ji****ft.com,9,27,33.33,40,5,0,1,1,0,0,1,100
Coresignal,74,*'G**a C***h,https://og******ch.com,16,27,59.26,63,8,22,1,2,0,0,3,100
Coresignal,75,Ki***en & B**h Au*****ty,https://kb*******ty.com,12,27,44.44,48,5,1,1,1,0,0,1,100
Coresignal,76,A***w,https://n***w.com,15,27,55.56,57,5,2,1,1,0,0,1,100
Coresignal,77,H* G***p - IB****EM,https://ib****em.com,12,27,44.44,32,5,0,1,0,0,0,0,100
Coresignal,78,Mx****ia,https://mx****ia.com,14,27,51.85,51,9,0,1,1,0,0,3,100
Coresignal,79,N*w Y**k Vi*****me Cr***cs Ci**le,https://ny*********cs.com,14,27,51.85,61,11,0,1,1,0,0,1,100
Coresignal,80,Ne***rk In*******ns,http://ne**************ns.com,15,27,55.56,59,32,32,1,1,0,0,9,100
Coresignal,81,J**O Dy****cs,https://j**o.com,15,27,55.56,56,20,112,1,2,0,0,1,100
Coresignal,82,Na****al Re****ch G***p,https://n***r.com,12,27,44.44,41,0,61,1,1,0,0,1,100
Coresignal,83,L**d Gu**an & L***s,https://ml***co.com,15,27,55.56,48,6,9,1,1,0,0,0,100
Coresignal,84,J**B S*i A***s I*c.,https://j**b.com,12,27,44.44,42,4,0,1,1,0,0,1,100
Coresignal,85,T*e No*****st Se***rt Al****ce,https://nw*************ce.com,17,27,62.96,59,5,19,1,3,0,0,3,100
Coresignal,86,N*X,https://n*x.com,15,27,55.56,57,5,20,1,1,0,0,1,100
Coresignal,87,*&* Co*****ty,https://mn********ty.com,15,27,55.56,60,5,2,1,1,0,0,1,100
Coresignal,88,My*******it H* so****re,https://my*******it.com,17,27,62.96,62,22,5,1,3,0,0,1,100
Coresignal,89,*.*. Pe**er,https://jw****er.com,16,27,59.26,62,5,44,1,2,0,0,1,100
Coresignal,90,Gy****rk,https://gy****rk.com,17,27,62.96,58,5,142,2,1,1,0,2,100
Coresignal,91,DM**GE,https://dm**ge.com,15,27,55.56,65,15,8,1,1,0,0,1,100
Coresignal,92,*'H***o d* S*-Ma***ce,https://lh*************ce.com,13,27,48.15,41,14,0,1,1,0,0,1,100
Coresignal,93,M***i-He**th Sy***ms I*c. (M*S),https://m*s.com,16,27,59.26,60,27,97,1,2,0,0,1,100
Coresignal,94,Ku**ta En**ne Am***ca,https://ku********ne.com,15,27,55.56,62,11,43,1,1,0,0,1,100
Coresignal,95,K*S A*,https://k*s.com,17,27,62.96,60,30,93,1,3,0,0,10,100
Coresignal,96,Ja********le Tr**********on Au*****ty,https://jt**la.com,16,27,59.26,59,12,79,1,2,0,0,1,100
Coresignal,97,j**s,https://ok********es.com,11,27,40.74,37,5,0,1,1,0,0,0,100
Coresignal,98,M*I Mo**le Re**rt,https://mm***********rt.com,12,27,44.44,42,5,0,1,0,0,0,0,100
Coresignal,99,O*l & G*s I*,https://oi*******iq.com,14,27,51.85,58,30,0,1,1,0,0,4,100
Coresignal,100,深***北,http://h***c.com,9,27,33.33,29,5,0,1,0,0,0,0,82
Coresignal,101,*-S*m E**s F**d T***k,https://ry****************es.com,10,27,37.04,43,5,0,1,1,0,0,1,100
Coresignal,102,*Є Бугаевский *.*.,https://uk*******ek.com,14,27,51.85,41,6,0,1,1,0,0,1,100
Coresignal,103,S*r i* En***sh,https://su********sh.com,13,27,48.15,46,5,0,1,1,0,0,1,100
Coresignal,104,U**i Fu*****re,http://www.uc*****se.com,15,27,55.56,46,5,0,1,2,0,0,1,100
Coresignal,105,Ky**ra In*********al,https://ky***************al.com,19,27,70.37,76,5,69,2,3,1,0,26,100
Coresignal,106,Ol**eo G***l,http://ol*******ll.com,11,27,40.74,40,5,0,1,2,0,0,1,100
Coresignal,107,H**i M***a,https://hp*****ia.com,14,27,51.85,44,8,15,1,1,0,0,1,100
Coresignal,108,Q***k C***h,https://qu******ch.com,12,27,44.44,41,5,0,1,2,0,0,1,100
Coresignal,109,"T*I, I*c.",https://t*i.com,16,27,59.26,56,12,163,1,2,0,0,4,100
Coresignal,110,Du**er Mi***in P***r Co***ny,https://pe*****tv.com,12,27,44.44,45,5,0,1,0,0,0,0,100
Coresignal,111,Vi******le,https://vi******le.com,15,27,55.56,39,10,4,1,1,0,0,1,100
Coresignal,112,O***R AM****AN CO*******ON,https://ow******ks.com,12,27,44.44,40,3,0,1,1,0,0,1,100
Coresignal,113,R* W*b H**t B*,https://rk*******bd.com,16,27,59.26,50,5,0,1,3,0,0,1,100
Coresignal,114,* * *,http://q*s.com,11,27,40.74,31,5,0,1,1,0,0,1,100
Coresignal,115,i*S,https://i*s.com,17,27,62.96,57,5,7,1,3,0,0,1,100
Coresignal,116,R**e B**k Ce**ar,https://ra**********ar.com,10,27,37.04,48,2,0,1,2,0,0,1,80
Coresignal,117,SL**FS,https://sl**fs.com,17,27,62.96,53,5,3,1,3,0,0,1,100
Coresignal,118,Qu***ty G**d,https://q***d.com,12,27,44.44,37,5,7,1,0,0,0,0,100
Coresignal,119,O***v Ne***rk,https://ou*******al.com,15,27,55.56,62,10,4,1,1,0,0,1,100
Coresignal,120,Qw***ry,https://qw***ry.com,15,27,55.56,60,5,1,1,1,0,0,1,100
Coresignal,121,Vo***ol,https://vo***ol.com,14,27,51.85,57,5,0,1,2,0,0,1,100
Coresignal,122,R***n B**n Ga**an & Gr****ld L*P,https://r**g.com,16,27,59.26,52,5,1,1,2,0,0,1,100
Coresignal,123,P***A Te******gy,https://pk*****ch.com,14,27,51.85,52,11,55,1,1,0,0,1,100
Coresignal,124,Qo***ak,https://qo***ak.com,16,27,59.26,61,15,16,1,2,0,0,3,100
Coresignal,125,Rh**ed Ce**re,https://rh**ed.com,10,27,37.04,36,5,0,1,1,0,0,1,100
Coresignal,126,"F***t C***s, I*c.",https://pt********li.com,14,27,51.85,45,9,0,1,1,0,0,1,100
Coresignal,127,Qe****li,https://qe****li.com,15,27,55.56,65,20,200,1,1,0,0,3,100
Coresignal,128,Un******ty P***s o* Co****do,https://up******do.com,14,27,51.85,47,5,6,1,2,0,0,1,100
Coresignal,129,P*N,https://pd*****ne.com,12,27,44.44,41,10,0,1,0,0,0,0,100
Coresignal,130,Ps*******ic Pa***ge,https://ps**************ge.com,16,27,59.26,67,10,9,1,2,0,0,6,100
Coresignal,131,So****ce So****on,https://so************on.com,17,27,62.96,58,16,5,1,3,0,0,1,100
Coresignal,132,S***x F***s Re****al Ai***rt Au*****ty,https://sf*****rt.com,13,27,48.15,41,5,0,1,2,0,0,2,100
Coresignal,133,V* C**e,https://vc**fe.com,11,27,40.74,43,11,0,1,0,0,0,0,100
Coresignal,134,U***a G**H,https://u***a.com,11,27,40.74,44,5,0,1,3,0,0,1,0
Coresignal,135,Re***ne,https://rz******re.com,16,27,59.26,68,25,75,1,2,0,0,3,100
Coresignal,136,Qu***um F***t Au******on I*c,https://qf********on.com,17,27,62.96,60,16,2,1,3,0,0,1,100
Coresignal,137,O***o,https://o***o.com,16,27,59.26,71,5,53,2,1,1,0,5,100
Coresignal,138,T*e Re****ic,https://rp**lc.com,15,27,55.56,61,13,37,1,1,0,0,1,100
Coresignal,139,*. Po**er In*********al De**gn,https://tp*********gn.com,14,27,51.85,45,5,4,1,1,0,0,0,100
Coresignal,140,开立医疗 So*****pe,https://so*****pe.com,15,27,55.56,49,8,24,1,1,0,0,1,100
Coresignal,141,St*****ic Sy***ms In*********al,https://ss********ns.com,15,27,55.56,62,13,246,1,1,0,0,5,100
Coresignal,142,Ra****el o* Sw**en,https://ra************en.com,15,27,55.56,61,8,9,1,1,0,0,2,100
Coresignal,143,R***t Ch**ce Re****ry,https://ri*****************nj.com,15,27,55.56,44,5,2,1,1,0,0,1,100
Coresignal,144,RV******ss,https://rv******ss.com,14,27,51.85,55,4,1,1,1,0,0,1,100
Coresignal,145,Ta********on,https://ta********on.com,17,27,62.96,69,18,137,1,3,0,0,1,100
Coresignal,146,T*A Sy***ms,https://tm******ms.com,17,27,62.96,74,12,33,2,1,1,0,1,100
Coresignal,147,vF*****on,https://vf*****on.com,15,27,55.56,67,26,11,1,1,0,0,1,100
Coresignal,148,W* Ad****fy,https://wp******fy.com,12,27,44.44,42,5,0,1,0,0,0,0,100
Coresignal,149,Y*k T**k,https://ya***ck.com,15,27,55.56,48,5,0,1,2,0,0,1,100
Coresignal,150,V**I,https://v**i.com,17,27,62.96,70,5,55,1,3,0,0,1,100
Coresignal,151,Wo***rd,https://wo***rd.com,16,27,59.26,62,10,10,1,2,0,0,1,100
Coresignal,152,QU***TY T**F I*C,https://q***f.com,16,27,59.26,55,5,1,1,3,0,0,1,100
Coresignal,153,Wi*****sh,https://wi*****sh.com,14,27,51.85,46,17,0,1,1,0,0,1,100
Coresignal,154,Va********en,https://va********en.com,17,27,62.96,67,19,29,1,3,0,0,13,100
Coresignal,155,Y**i K*m,https://yu***im.com,14,27,51.85,46,5,0,1,1,0,0,3,100
Coresignal,156,X***n,https://x***n.com,15,27,55.56,67,25,14,1,1,0,0,1,100
Coresignal,157,W* Be***es,https://wp*****es.com,8,27,29.63,30,5,0,1,0,0,0,0,100
Coresignal,158,（株）横浜ロイヤルパークホテル,http://y**h.com,12,27,44.44,45,5,0,1,2,0,0,1,100
Coresignal,159,Zi****ah F***s,http://zi****ah.com,13,27,48.15,42,5,0,1,3,0,0,1,100
Coresignal,160,H***l Re******nt,https://za***ah.com,11,27,40.74,50,5,0,1,1,0,0,2,74
Coresignal,161,V***r,https://v***r.com,17,27,62.96,71,12,178,2,1,1,0,2,100
Coresignal,162,Se***ia,https://se***ia.com,15,27,55.56,68,14,151,1,1,0,0,10,100
Coresignal,163,Zi*****rt,https://zi*****rt.com,15,27,55.56,50,11,0,1,2,0,0,1,100
Coresignal,164,Yu***ng.com,http://yu***ng.com,16,27,59.26,57,15,3,1,2,0,0,1,100
Coresignal,165,YP**se,https://yp**se.com,15,27,55.56,59,31,11,1,1,0,0,1,100
Coresignal,166,W**Z N*C ** a*d T*e C* G*-B**A,https://w**z.com,15,27,55.56,57,13,0,1,2,0,0,1,100
Coresignal,167,Y***t Ha**ns G***p L*d,https://ya*******ns.com,15,27,55.56,61,10,21,1,1,0,0,12,100
Coresignal,168,V***a,https://v***a.com,17,27,62.96,65,17,32,2,1,1,0,1,100
Coresignal,169,X***i I*c.,https://x***i.com,14,27,51.85,53,21,319,1,1,0,0,12,100
Coresignal,170,Ze******ve,http://zs***ic.com,16,27,59.26,66,9,0,1,3,0,0,3,100
Coresignal,171,Wi******on Co**ty Eq*****nt C*.,https://wm*****ip.com,15,27,55.56,60,19,0,1,2,0,0,3,100
Coresignal,172,T**S Cl****ng Co***ny L*d,https://wf*****an.com,19,27,70.37,64,5,19,2,3,1,0,1,100
Coresignal,173,Zw****en,https://zw****en.com,17,27,62.96,62,33,41,1,3,0,0,4,100
Coresignal,174,Y*s& Ag**cy,https://ye********cy.com,17,27,62.96,64,22,44,1,3,0,0,1,100
Coresignal,175,t* be***tt,https://tp*****tt.com,17,27,62.96,68,16,37,1,3,0,0,6,100
Coresignal,176,Wo******el,https://wo*****************or.com,13,27,48.15,49,26,172,1,1,0,0,9,100
Crustdata,1,Aq**nt,aq**nt.com,7,27,25.93,13,2,0,1,0,0,0,0,0
Crustdata,2,En*****ax P*y L*d,en*****ax.com,7,27,25.93,13,1,0,1,0,0,0,0,0
Crustdata,3,DM**GE,dm**ge.com,7,27,25.93,13,2,0,1,0,0,0,0,0
Crustdata,4,R**e En**gy,e*t.com,7,27,25.93,13,2,0,1,0,0,0,0,0
Crustdata,5,Fa*****ch St***os,fa************os.com,7,27,25.93,13,4,0,1,0,0,0,0,0
Crustdata,6,A*M W*b Ho***ng,ag*********ng.com,7,27,25.93,13,1,0,1,0,0,0,0,0
Crustdata,7,"Fa**us To****ry As***rn, V*",fa**********ry.com,7,27,25.93,13,3,0,1,0,0,0,0,0
Crustdata,8,DS*****NG,ds*****ng.com,7,27,25.93,13,2,0,1,0,0,0,0,0
Crustdata,9,D**p,ed********al.com,6,27,22.22,12,4,0,1,0,0,0,0,0
Crustdata,10,A*R,a*r.com,7,27,25.93,13,2,0,1,0,0,0,0,0
Crustdata,11,D**a B**r,da****ar.com,7,27,25.93,13,1,0,1,0,0,0,0,0
Crustdata,12,Eu****ne,fe************ne.com,7,27,25.93,13,3,0,1,0,0,0,0,0
Crustdata,13,Co******al B**k o* Ca******ia,c***l.com,7,27,25.93,13,3,0,1,0,0,0,0,0
Crustdata,14,Ca**kr,ca**kr.com,7,27,25.93,13,2,0,1,0,0,0,0,0
Crustdata,15,De**xe Di********on,d***f.com,7,27,25.93,13,2,0,1,0,0,0,0,0
Crustdata,16,B* Co*****cs,bh*******cs.com,7,27,25.93,13,1,0,1,0,0,0,0,0
Crustdata,17,B***L,b***l.com,7,27,25.93,13,2,0,1,0,0,0,0,0
Crustdata,18,Do*****er Ho********ip,do*****************ip.com,7,27,25.93,13,1,0,1,0,0,0,0,0
Crustdata,19,Fo******on Fi*****al G***p,f*g.com,7,27,25.93,13,1,0,1,0,0,0,0,0
Crustdata,20,Ge*****ds,ge*****ds.com,7,27,25.93,13,1,0,1,0,0,0,0,0
Crustdata,21,Gy****rk,gy****rk.com,7,27,25.93,13,1,0,1,0,0,0,0,0
Crustdata,22,A***s Pr*********ls,at*********ve.com,7,27,25.93,13,2,0,1,0,0,0,0,0
Crustdata,23,Co***ge o* Ma***ge Th******ts o* On***io,c**o.com,7,27,25.93,13,2,0,1,0,0,0,0,0
Crustdata,24,C*B Ap***ed Te********es,cj******************es.com,7,27,25.93,13,2,0,1,0,0,0,0,0
Crustdata,25,Be*****ur In*******ve,b**r.com,7,27,25.93,13,4,0,1,0,0,0,0,0
Crustdata,26,Di********ty Li***ed,di********ty.com,6,27,22.22,12,2,0,1,0,0,0,0,0
Crustdata,27,Le**cy G*S Tr***it,gp******it.com,7,27,25.93,13,3,0,1,0,0,0,0,0
Crustdata,28,C***s-Wa*****al Ch***er o* Co****ce,cw*****er.com,7,27,25.93,13,2,0,1,0,0,0,0,0
Crustdata,29,aq*****om,a*l.com,7,27,25.93,13,3,0,1,0,0,0,0,0
Crustdata,30,C*m De*******nt,ca**********nt.com,7,27,25.93,13,3,0,1,0,0,0,0,0
Crustdata,31,Am****an Fr***ht Fu*****re & Ma****ss,am***********ht.com,7,27,25.93,13,2,0,1,0,0,0,0,0
Crustdata,32,Gl**al Co******on I***x Tr***ng L*C - A*u D***i Br**ch,gc***ae.com,6,27,22.22,12,2,0,1,0,0,0,0,0
Crustdata,33,K* Bl**ds,kd****ds.com,5,27,18.52,11,1,0,1,0,0,0,0,0
Crustdata,34,Cr**it U***n o* De**er,cu****er.com,7,27,25.93,13,3,0,1,0,0,0,0,0
Crustdata,35,Am****an Na****al B**k o* T***s,a***x.com,7,27,25.93,13,3,0,1,0,0,0,0,0
Crustdata,36,j* in******nt g***p,jk*************up.com,6,27,22.22,12,2,0,1,0,0,0,0,0
Crustdata,37,A***a G***d P**x o* L**g B***h,g**b.com,7,27,25.93,13,3,0,1,0,0,0,0,0
Crustdata,38,CE***OL (P*T) L*D,ce***ol.com,7,27,25.93,13,1,0,1,0,0,0,0,0
Crustdata,39,A**Y,a**y.com,7,27,25.93,13,3,0,1,0,0,0,0,0
Crustdata,40,N**W,n**w.com,7,27,25.93,13,4,0,1,0,0,0,0,0
Crustdata,41,A**A,a**a.com,7,27,25.93,13,3,0,1,0,0,0,0,0
Crustdata,42,F**E *-M**L,o***o.com,7,27,25.93,13,3,0,1,0,0,0,0,0
Crustdata,43,Ky**ra In*********al,ky***************al.com,7,27,25.93,13,1,0,1,0,0,0,0,0
Crustdata,44,Ku**ta En**ne Am***ca,ku********ne.com,7,27,25.93,13,1,0,1,0,0,0,0,0
Crustdata,45,Ki***en & B**h Au*****ty,kb*******ty.com,7,27,25.93,13,1,0,1,0,0,0,0,0
Crustdata,46,"C***r L**e A**a Ch***er o* Co****ce - C***r L**e, I**a",cl*********wa.com,7,27,25.93,13,2,0,1,0,0,0,0,0
Crustdata,47,N* G**d Co*******on,nv******rp.com,7,27,25.93,13,2,0,1,0,0,0,0,0
Crustdata,48,上海********公司,ct**sk.com,5,27,18.52,11,3,0,1,0,0,0,0,0
Crustdata,49,J**O Dy****cs,j**o.com,7,27,25.93,13,3,0,1,0,0,0,0,0
Crustdata,50,"EM****AS R***O ST****NS, I*C",k**e.com,7,27,25.93,13,3,0,1,0,0,0,0,0
Crustdata,51,"E* P***o L**o, I*c.",el*******co.com,7,27,25.93,13,3,0,1,0,0,0,0,0
Crustdata,52,Ce**re f*r Ma******nt Te******gy,cm*****ts.com,7,27,25.93,13,2,0,1,0,0,0,0,0
Crustdata,53,Ol**eo G***l,ol*******ll.com,7,27,25.93,13,3,0,1,0,0,0,0,0
Crustdata,54,In*********al Wo*******ng F**r L*C,iw******ta.com,7,27,25.93,13,2,0,1,0,0,0,0,0
Crustdata,55,N*X,n*x.com,7,27,25.93,13,1,0,1,0,0,0,0,0
Crustdata,56,Lu*****ub,lu*****ub.com,7,27,25.93,13,3,0,1,0,0,0,0,0
Crustdata,57,iw*******me.com,iw*******me.com,7,27,25.93,13,2,0,1,0,0,0,0,0
Crustdata,58,K**V,lv***********rk.com,4,27,14.81,10,0,0,1,0,0,0,0,0
Crustdata,59,K***o,k***o.com,7,27,25.93,13,1,0,1,0,0,0,0,0
Crustdata,60,*.*. Pe**er,jw****er.com,7,27,25.93,13,1,0,1,0,0,0,0,0
Crustdata,61,O* Le**en,oh****en.com,7,27,25.93,13,3,0,1,0,0,0,0,0
Crustdata,62,T*e No*****st Se***rt Al****ce,nw*************ce.com,7,27,25.93,13,1,0,1,0,0,0,0,0
Crustdata,63,M**E H**H C**B,mi********ub.com,6,27,22.22,12,0,0,1,0,0,0,0,0
Crustdata,64,Jo***ey Ma****ne,jm******ne.com,7,27,25.93,13,2,0,1,0,0,0,0,0
Crustdata,65,Iz*******zo B***o,iz*******zo.com,7,27,25.93,13,3,0,1,0,0,0,0,0
Crustdata,66,L*D Ed*****al,li********al.com,7,27,25.93,13,3,0,1,0,0,0,0,0
Crustdata,67,i*S,i*s.com,7,27,25.93,13,2,0,1,0,0,0,0,0
Crustdata,68,Mx****ia,mx****ia.com,7,27,25.93,13,4,0,1,0,0,0,0,0
Crustdata,69,H**i M***a,hp*****ia.com,7,27,25.93,13,3,0,1,0,0,0,0,0
Crustdata,70,L**d Gu**an & L***s,ml***co.com,7,27,25.93,13,2,0,1,0,0,0,0,0
Crustdata,71,Ar**nd Te***le Br**ds Li***ed,n***w.com,7,27,25.93,13,2,0,1,0,0,0,0,0
Crustdata,72,L***y! Wh*****le B**k Gl***er S***e,l***y.com,3,27,11.11,6,0,0,0,0,0,0,0,0
Crustdata,73,Ok****ma J*e'*,ok********es.com,3,27,11.11,6,0,0,0,0,0,0,0,0
Crustdata,74,Ne**da Co*******ed Ca****gn,nv**ms.com,7,27,25.93,13,3,0,1,0,0,0,0,0
Crustdata,75,Ja********le Tr**********on Au*****ty,jt**la.com,7,27,25.93,13,2,0,1,0,0,0,0,0
Crustdata,76,Ne***rk In*******ns,ne**************ns.com,7,27,25.93,13,3,0,1,0,0,0,0,0
Crustdata,77,K***l Si***al As******es,k*s.com,6,27,22.22,12,1,0,1,0,0,0,0,0
Crustdata,78,*'G**a C***h,og******ch.com,7,27,25.93,13,3,0,1,0,0,0,0,0
Crustdata,79,N*D,n*d.com,7,27,25.93,13,2,0,1,0,0,0,0,0
Crustdata,80,J**B S*i A***s I*c.,j**b.com,6,27,22.22,12,0,0,1,0,0,0,0,0
Crustdata,81,深***北,h***c.com,4,27,14.81,10,0,0,1,0,0,0,0,0
Crustdata,82,Un******ty P***s o* Co****do,up******do.com,5,27,18.52,11,3,0,1,0,0,0,0,0
Crustdata,83,Y**i K*m,yu***im.com,7,27,25.93,13,2,0,1,0,0,0,0,0
Crustdata,84,(株)横浜ロイヤルパークホテル,y**h.com,7,27,25.93,13,2,0,1,0,0,0,0,0
Crustdata,85,Vi******le,vi******le.com,7,27,25.93,13,2,0,1,0,0,0,0,0
Crustdata,86,Wo***rd,wo***rd.com,7,27,25.93,13,3,0,1,0,0,0,0,0
Crustdata,87,Qu***um F***t Au******on I*c,qf********on.com,7,27,25.93,13,3,0,1,0,0,0,0,0
Crustdata,88,V**I,v**i.com,7,27,25.93,13,1,0,1,0,0,0,0,0
Crustdata,89,SE***IA C*M,se***ia.com,5,27,18.52,11,2,0,1,0,0,0,0,0
Crustdata,90,QU***TY T**F I*C,q***f.com,7,27,25.93,13,3,0,1,0,0,0,0,0
Crustdata,91,* S***e,wf*****an.com,7,27,25.93,13,1,0,1,0,0,0,0,0
Crustdata,92,Q***r Na****al B**k Al**li,qn*****li.com,4,27,14.81,7,0,0,1,0,0,0,0,0
Crustdata,93,R**n'* P*t Su****es,ry****et.com,7,27,25.93,13,1,0,1,0,0,0,0,0
Crustdata,94,SL**FS,sl**fs.com,7,27,25.93,13,2,0,1,0,0,0,0,0
Crustdata,95,R***t Ch**ce Re****ry,ri*****************nj.com,7,27,25.93,13,3,0,1,0,0,0,0,0
Crustdata,96,Ps*******ic Pa***ge,ps**************ge.com,7,27,25.93,13,2,0,1,0,0,0,0,0
Crustdata,97,T*A Sy***ms,tm******ms.com,7,27,25.93,13,3,0,1,0,0,0,0,0
Crustdata,98,Va********en,va********en.com,7,27,25.93,13,1,0,1,0,0,0,0,0
Crustdata,99,Za***ah,za***ah.com,7,27,25.93,13,2,0,1,0,0,0,0,0
Crustdata,100,W**Z N*C ** a*d T*e C* G*-B**A,w**z.com,7,27,25.93,13,3,0,1,0,0,0,0,0
Crustdata,101,* * *,q*s.com,6,27,22.22,12,3,0,1,0,0,0,0,0
Crustdata,102,Ze******ve,zs***ic.com,7,27,25.93,13,2,0,1,0,0,0,0,0
Crustdata,103,P***A Te******gy,pk*****ch.com,7,27,25.93,13,2,0,1,0,0,0,0,0
Crustdata,104,U**i Fu*****re,uc*****se.com,7,27,25.93,13,1,0,1,0,0,0,0,0
Crustdata,105,X***i I*c.,x***i.com,7,27,25.93,13,2,0,1,0,0,0,0,0
Crustdata,106,Ra****el o* Sw**en,ra************en.com,7,27,25.93,13,1,0,1,0,0,0,0,0
Crustdata,107,Pe***ck,pe*****tv.com,7,27,25.93,13,1,0,1,0,0,0,0,0
Crustdata,108,Re***ne,rz******re.com,7,27,25.93,13,3,0,1,0,0,0,0,0
Crustdata,109,"W**L ST**ET IN*********AL, I*C.",ws**ag.com,7,27,25.93,12,2,0,1,0,0,0,0,0
Crustdata,110,S***x F***s Re****al Ai***rt Au*****ty,sf*****rt.com,7,27,25.93,13,2,0,1,0,0,0,0,0
Crustdata,111,YP**se,yp**se.com,7,27,25.93,13,3,0,1,0,0,0,0,0
Crustdata,112,Yu***ng.com,yu***ng.com,7,27,25.93,13,2,0,1,0,0,0,0,0
Crustdata,113,R***n B**n Ga**an & Gr****ld L*P,r**g.com,7,27,25.93,13,3,0,1,0,0,0,0,0
Crustdata,114,T**L O* T*E DR**ON,ta***********on.com,4,27,14.81,10,0,0,1,0,0,0,0,0
Crustdata,115,Y*s& Ag**cy,ye********cy.com,7,27,25.93,13,2,0,1,0,0,0,0,0
Crustdata,116,vF*****on,vf*****on.com,7,27,25.93,13,3,0,1,0,0,0,0,0
Crustdata,117,Qe****li,qe****li.com,7,27,25.93,13,2,0,1,0,0,0,0,0
Crustdata,118,Wi******on Co**ty Eq*****nt C*.,wm*****ip.com,7,27,25.93,13,2,0,1,0,0,0,0,0
Crustdata,119,O***R AM****AN CO*******ON,ow******ks.com,5,27,18.52,11,0,0,1,0,0,0,0,0
Crustdata,120,t* be***tt,tp*****tt.com,7,27,25.93,13,2,0,1,0,0,0,0,0
Crustdata,121,RT******er,rt******er.com,7,27,25.93,13,1,0,1,0,0,0,0,0
Crustdata,122,Rh**ed Ce**re,rh**ed.com,6,27,22.22,12,0,0,1,0,0,0,0,0
Crustdata,123,V* C**e,vc**fe.com,7,27,25.93,13,5,0,1,0,0,0,0,0
Crustdata,124,Zw****en,zw****en.com,7,27,25.93,13,3,0,1,0,0,0,0,0
Crustdata,125,Ta********on,ta********on.com,7,27,25.93,13,3,0,1,0,0,0,0,0
Crustdata,126,So****ce So****on,so************on.com,7,27,25.93,13,3,0,1,0,0,0,0,0
Crustdata,127,W* Ad****fy,wp******fy.com,7,27,25.93,13,3,0,1,0,0,0,0,0
Crustdata,128,开立医疗 So*****pe,so*****pe.com,7,27,25.93,13,2,0,1,0,0,0,0,0
Crustdata,129,RV******ss,rv******ss.com,7,27,25.93,13,4,0,1,0,0,0,0,0
Crustdata,130,T*e Re****ic,rp**lc.com,7,27,25.93,13,4,0,1,0,0,0,0,0
Crustdata,131,U***a G**H,u***a.com,4,27,14.81,10,0,0,1,0,0,0,0,0
Crustdata,132,"T*I, I*c.",t*i.com,7,27,25.93,13,2,0,1,0,0,0,0,0
Crustdata,133,Qu***ty G**d,q***d.com,7,27,25.93,13,1,0,1,0,0,0,0,0
Crustdata,134,G*s T*O o* Uk***ne,t***a.com,7,27,25.93,13,2,0,1,0,0,0,0,0
Crustdata,135,Y***t Ha**ns G***p L*d,ya*******ns.com,7,27,25.93,13,1,0,1,0,0,0,0,0
